Country,Year,Electricity Generation Twh
Canada,1990,480.5932424242396
Mexico,1990,117.59154298884492
US,1990,3232.779648759239
Total North America,1990,3830.9644341723238
Argentina,1990,51.004894
Brazil,1990,222.82011523002677
Chile,1990,18.398
Colombia,1990,38.24570622244135
Ecuador,1990,6.3488547
Peru,1990,13.808
Trinidad & Tobago,1990,3.577
Venezuela,1990,59.321
Central America,1990,14.493572863157896
Other Caribbean,1990,43.424145425863834
Other South America,1990,37.1111492137
Total S. & Cent. America,1990,508.55243765518986
Austria,1990,49.296
Belgium,1990,70.923
Bulgaria,1990,42.141
Croatia,1990,8.8732
Cyprus,1990,1.974
Czech Republic,1990,62.559000000000005
Denmark,1990,25.97718888888889
Estonia,1990,17.181
Finland,1990,54.377455000000005
France,1990,420.75100000000003
Germany,1990,549.9
Greece,1990,35.003
Hungary,1990,28.436
Iceland,1990,4.447226
Ireland,1990,14.500609640000002
Italy,1990,216.6
Latvia,1990,6.648000000000001
Lithuania,1990,28.405
Luxembourg,1990,1.377
Netherlands,1990,71.892
North Macedonia,1990,5.758
Norway,1990,121.848
Poland,1990,136.311
Portugal,1990,28.5
Romania,1990,64.309
Slovakia,1990,26.132
Slovenia,1990,12.399000000000001
Spain,1990,151.92000000000002
Sweden,1990,146.508
Switzerland,1990,56.01542743221691
Turkey,1990,57.543
Ukraine,1990,298.835
United Kingdom,1990,319.73900000000003
Other Europe,1990,74.5294762631579
Total Europe,1990,3211.608583224264
Azerbaijan,1990,23.152
Belarus,1990,39.526
Kazakhstan,1990,87.379
Russian Federation,1990,1082.2
Turkmenistan,1990,14.61
Uzbekistan,1990,56.325
Other CIS,1990,60.461
Total CIS,1990,1363.653
Iran,1990,57.655
Iraq,1990,28.373178
Israel,1990,20.8976
Kuwait,1990,18.477
Oman,1990,4.501
Qatar,1990,4.8420000000000005
Saudi Arabia,1990,79.88045573923428
United Arab Emirates,1990,17.081
Other Middle East,1990,26.461000000000002
Total Middle East,1990,258.16823373923427
Algeria,1990,16.104
Egypt,1990,41.9525
Morocco,1990,9.628
South Africa,1990,167.226
Eastern Africa,1990,29.951393520063945
Middle Africa,1990,10.88810000038147
Western Africa,1990,24.345024397950723
Other Northern Africa,1990,16.06421052631579
Other Southern Africa,1990,2.617
Total Africa,1990,318.776228444712
Australia,1990,155.6535
Bangladesh,1990,7.732
China,1990,621.2
China Hong Kong SAR,1990,28.96
India,1990,287.7628267666394
Indonesia,1990,33.11472
Japan,1990,881.5
Malaysia,1990,23.016000000000002
New Zealand,1990,32.61435176830056
Pakistan,1990,45.985
Philippines,1990,26.327
Singapore,1990,15.617600000000001
South Korea,1990,118.460795
Sri Lanka,1990,3.1498000000000004
Taiwan,1990,90.193523466
Thailand,1990,44.11251
Vietnam,1990,8.681000000000001
Other Asia Pacific,1990,45.539676088636355
Total Asia Pacific,1990,2469.6203030895767
Canada,1991,506.9948584795292
Mexico,1991,128.57117140482066
US,1991,3270.7244021134193
Total North America,1991,3906.2904319977692
Argentina,1991,53.85426999999999
Brazil,1991,234.3762971755566
Chile,1991,19.963
Colombia,1991,40.12350790892981
Ecuador,1991,6.974455799999999
Peru,1991,14.482000000000001
Trinidad & Tobago,1991,3.72
Venezuela,1991,63.337
Central America,1991,15.272236705263161
Other Caribbean,1991,42.26179928267101
Other South America,1991,39.717519601199996
Total S. & Cent. America,1991,534.0820864736206
Austria,1991,51.27025333652143
Belgium,1991,71.936
Bulgaria,1991,40.862
Croatia,1991,8.6051
Cyprus,1991,2.077
Czech Republic,1991,60.528
Denmark,1991,36.540499999999994
Estonia,1991,14.627
Finland,1991,57.98552
France,1991,455.555
Germany,1991,540.2220000000001
Greece,1991,35.815
Hungary,1991,29.963
Iceland,1991,4.425218
Ireland,1991,15.135723940000002
Italy,1991,221.816
Latvia,1991,5.644
Lithuania,1991,29.363
Luxembourg,1991,1.415
Netherlands,1991,74.282
North Macedonia,1991,5.7700000000000005
Norway,1991,111.009
Poland,1991,134.714
Portugal,1991,29.871000000000002
Romania,1991,56.803000000000004
Slovakia,1991,24.747
Slovenia,1991,12.744
Spain,1991,155.797
Sweden,1991,147.38400000000001
Switzerland,1991,58.061845826687936
Turkey,1991,60.246300000000005
Ukraine,1991,278.683
United Kingdom,1991,322.875
Other Europe,1991,72.57677052631578
Total Europe,1991,3229.3492316295265
Azerbaijan,1991,23.4495
Belarus,1991,38.735
Kazakhstan,1991,85.99
Russian Federation,1991,1068.1633000000002
Turkmenistan,1991,14.9535
Uzbekistan,1991,54.165
Other CIS,1991,57.869
Total CIS,1991,1343.3253000000002
Iran,1991,62.814
Iraq,1991,13.359352999999999
Israel,1991,21.5141
Kuwait,1991,10.78
Oman,1991,4.625
Qatar,1991,4.6690000000000005
Saudi Arabia,1991,84.99571265049852
United Arab Emirates,1991,17.222
Other Middle East,1991,28.336
Total Middle East,1991,248.31516565049856
Algeria,1991,17.345
Egypt,1991,43.276
Morocco,1991,9.205
South Africa,1991,168.316
Eastern Africa,1991,31.357875813349317
Middle Africa,1991,10.6145
Western Africa,1991,25.416210919005177
Other Northern Africa,1991,16.57421052631579
Other Southern Africa,1991,2.7430000000000003
Total Africa,1991,324.84779725867037
Australia,1991,157.9635
Bangladesh,1991,8.27
China,1991,677.5500000000001
China Hong Kong SAR,1991,31.88888888888889
India,1991,320.45763072132127
Indonesia,1991,38.10263
Japan,1991,911.303
Malaysia,1991,26.552
New Zealand,1991,33.63915426556432
Pakistan,1991,50.22
Philippines,1991,25.649
Singapore,1991,16.5966
South Korea,1991,131.616144
Sri Lanka,1991,3.3771
Taiwan,1991,99.177527424
Thailand,1991,50.12039
Vietnam,1991,9.21
Other Asia Pacific,1991,44.546913073898985
Total Asia Pacific,1991,2636.2404783736733
Canada,1992,518.6268124406096
Mexico,1992,132.2756645276993
US,1992,3284.3899346073094
Total North America,1992,3935.292411575618
Argentina,1992,56.10709699999999
Brazil,1992,241.76195193832473
Chile,1992,22.35
Colombia,1992,36.613098717322494
Ecuador,1992,7.1960273
Peru,1992,13.122
Trinidad & Tobago,1992,3.976
Venezuela,1992,67.44
Central America,1992,17.281169315789477
Other Caribbean,1992,45.103512929595325
Other South America,1992,39.7360260016
Total S. & Cent. America,1992,550.6868832026321
Austria,1992,50.984824983628776
Belgium,1992,72.22500000000001
Bulgaria,1992,35.61
Croatia,1992,8.9021
Cyprus,1992,2.43
Czech Republic,1992,59.293
Denmark,1992,30.73337777777778
Estonia,1992,11.829
Finland,1992,57.724593999999996
France,1992,463.639
Germany,1992,538.1657000000001
Greece,1992,37.411
Hungary,1992,31.685000000000002
Iceland,1992,4.53892
Ireland,1992,15.99887928
Italy,1992,226.254
Latvia,1992,3.834
Lithuania,1992,18.707
Luxembourg,1992,1.198
Netherlands,1992,77.231
North Macedonia,1992,6.065
Norway,1992,117.506
Poland,1992,132.75
Portugal,1992,30.087
Romania,1992,54.195
Slovakia,1992,23.627
Slovenia,1992,12.344
Spain,1992,158.718
Sweden,1992,146.445
Switzerland,1992,59.5179197235513
Turkey,1992,67.3422
Ukraine,1992,252.524
United Kingdom,1992,321.043
Other Europe,1992,59.709942526315785
Total Europe,1992,3190.2684582912725
Azerbaijan,1992,19.7626
Belarus,1992,37.595
Kazakhstan,1992,83.166
Russian Federation,1992,1008.45
Turkmenistan,1992,13.1828
Uzbekistan,1992,50.911
Other CIS,1992,52.571
Total CIS,1992,1265.6384
Iran,1992,67.178
Iraq,1992,21.912236
Israel,1992,24.6862
Kuwait,1992,16.885
Oman,1992,5.113
Qatar,1992,5.183
Saudi Arabia,1992,93.47317729536415
United Arab Emirates,1992,18.689
Other Middle East,1992,32.842999999999996
Total Middle East,1992,285.9626132953641
Algeria,1992,18.286
Egypt,1992,44.987
Morocco,1992,9.719
South Africa,1992,168.09
Eastern Africa,1992,28.7143136155076
Middle Africa,1992,11.401500000000002
Western Africa,1992,26.628327844215836
Other Northern Africa,1992,17.33221052631579
Other Southern Africa,1992,2.713
Total Africa,1992,327.8713519860392
Australia,1992,161.4005
Bangladesh,1992,8.894
China,1992,753.94
China Hong Kong SAR,1992,35.07555555555555
India,1992,337.1533206918919
Indonesia,1992,40.28435
Japan,1992,916.787
Malaysia,1992,31.38110800644695
New Zealand,1992,33.210973678589156
Pakistan,1992,53.575
Philippines,1992,25.87
Singapore,1992,17.5431
South Korea,1992,146.43928400000001
Sri Lanka,1992,3.5397
Taiwan,1992,105.529764483
Thailand,1992,57.028150000000004
Vietnam,1992,9.705
Other Asia Pacific,1992,43.258995797777764
Total Asia Pacific,1992,2780.6158022132618
Canada,1993,530.2321611381105
Mexico,1993,134.64251942191686
US,1993,3404.677872924596
Total North America,1993,4069.552553484624
Argentina,1993,61.86877899999998
Brazil,1993,252.00312157802523
Chile,1993,24.013
Colombia,1993,41.69108606370082
Ecuador,1993,7.4113050000000005
Peru,1993,14.808
Trinidad & Tobago,1993,3.817
Venezuela,1993,69.382
Central America,1993,18.22916737368421
Other Caribbean,1993,45.38968169066573
Other South America,1993,43.394183148900005
Total S. & Cent. America,1993,582.0073238549761
Austria,1993,52.44125062784313
Belgium,1993,70.834
Bulgaria,1993,37.997
Croatia,1993,9.563799999999999
Cyprus,1993,2.59
Czech Republic,1993,58.881
Denmark,1993,33.96900277777778
Estonia,1993,9.118
Finland,1993,61.078672
France,1993,472.707
Germany,1993,527.118
Greece,1993,38.396
Hungary,1993,32.915
Iceland,1993,4.721272
Ireland,1993,16.38194822
Italy,1993,222.802
Latvia,1993,3.924
Lithuania,1993,14.105
Luxembourg,1993,1.067
Netherlands,1993,76.992
North Macedonia,1993,5.18
Norway,1993,120.095
Poland,1993,133.867
Portugal,1993,31.205000000000002
Romania,1993,55.476
Slovakia,1993,24.442
Slovenia,1993,11.946
Spain,1993,156.798
Sweden,1993,145.812
Switzerland,1993,61.55561297182351
Turkey,1993,73.8075
Ukraine,1993,229.906
United Kingdom,1993,323.10200000000003
Other Europe,1993,53.8096102631579
Total Europe,1993,3174.603668860602
Azerbaijan,1993,19.051000000000002
Belarus,1993,33.369
Kazakhstan,1993,77.889
Russian Federation,1993,956.587
Turkmenistan,1993,12.6368
Uzbekistan,1993,49.149
Other CIS,1993,47.096000000000004
Total CIS,1993,1195.7777999999998
Iran,1993,74.686
Iraq,1993,27.089582
Israel,1993,25.9997
Kuwait,1993,20.178
Oman,1993,5.833
Qatar,1993,5.5600000000000005
Saudi Arabia,1993,102.66853564598502
United Arab Emirates,1993,21.73
Other Middle East,1993,36.1
Total Middle East,1993,319.8448176459851
Algeria,1993,19.414
Egypt,1993,46.737
Morocco,1993,9.91
South Africa,1993,174.70600000000002
Eastern Africa,1993,30.262956102485777
Middle Africa,1993,10.753
Western Africa,1993,26.530572371170642
Other Northern Africa,1993,18.05021052631579
Other Southern Africa,1993,2.71
Total Africa,1993,339.07373899997225
Australia,1993,165.3825
Bangladesh,1993,9.206
China,1993,811.59
China Hong Kong SAR,1993,35.9475
India,1993,362.1762511495495
Indonesia,1993,39.70743
Japan,1993,926.1030000000001
Malaysia,1993,34.87734916912133
New Zealand,1993,34.61563138758013
Pakistan,1993,57.012
Philippines,1993,26.579
Singapore,1993,18.962400000000002
South Korea,1993,161.900951
Sri Lanka,1993,3.9787
Taiwan,1993,115.206014617
Thailand,1993,63.33733
Vietnam,1993,10.662
Other Asia Pacific,1993,41.75494562474747
Total Asia Pacific,1993,2918.9990029479986
Canada,1994,553.0548439663934
Mexico,1994,146.1275620273452
US,1994,3458.526080733886
Total North America,1994,4157.708486727624
Argentina,1994,65.622035
Brazil,1994,260.0406103672302
Chile,1994,25.276
Colombia,1994,45.024283810342446
Ecuador,1994,8.1439969
Peru,1994,15.866
Trinidad & Tobago,1994,4.069
Venezuela,1994,71.221
Central America,1994,18.77190615789474
Other Caribbean,1994,48.61119420752305
Other South America,1994,48.54755816440001
Total S. & Cent. America,1994,611.1935846073907
Austria,1994,53.27408208799931
Belgium,1994,72.179
Bulgaria,1994,38.133
Croatia,1994,8.7729
Cyprus,1994,2.685
Czech Republic,1994,58.705
Denmark,1994,40.19660555555556
Estonia,1994,9.152000000000001
Finland,1994,65.630751
France,1994,476.868
Germany,1994,528.4692
Greece,1994,40.624
Hungary,1994,33.515
Iceland,1994,4.772761000000001
Ireland,1994,17.088075299999996
Italy,1994,231.81300000000002
Latvia,1994,4.44
Lithuania,1994,9.998
Luxembourg,1994,1.147
Netherlands,1994,79.677
North Macedonia,1994,5.939
Norway,1994,113.21300000000001
Poland,1994,135.347
Portugal,1994,31.381
Romania,1994,55.136
Slovakia,1994,25.712
Slovenia,1994,12.895
Spain,1994,161.848
Sweden,1994,143.038
Switzerland,1994,66.13423976608188
Turkey,1994,78.32169999999999
Ukraine,1994,202.922
United Kingdom,1994,326.558
Other Europe,1994,56.829166894736844
Total Europe,1994,3192.4144816043736
Azerbaijan,1994,17.571
Belarus,1994,31.397000000000002
Kazakhstan,1994,66.777
Russian Federation,1994,875.914
Turkmenistan,1994,10.52
Uzbekistan,1994,47.800000000000004
Other CIS,1994,45.21000000000001
Total CIS,1994,1095.189
Iran,1994,81.004
Iraq,1994,26.663286
Israel,1994,28.3157
Kuwait,1994,22.802
Oman,1994,6.198
Qatar,1994,5.8500000000000005
Saudi Arabia,1994,106.04595385502262
United Arab Emirates,1994,23.736
Other Middle East,1994,39.084
Total Middle East,1994,339.6989398550226
Algeria,1994,19.883
Egypt,1994,48.550000000000004
Morocco,1994,11.47
South Africa,1994,181.69
Eastern Africa,1994,30.69492462019389
Middle Africa,1994,10.308000000000002
Western Africa,1994,27.53577491788634
Other Northern Africa,1994,18.821210526315788
Other Southern Africa,1994,2.3810000000000002
Total Africa,1994,351.333910064396
Australia,1994,170.1425
Bangladesh,1994,9.784
China,1994,927.8000000000001
China Hong Kong SAR,1994,26.74083333333333
India,1994,387.9669838852853
Indonesia,1994,45.92842
Japan,1994,984.493
Malaysia,1994,39.75420469738232
New Zealand,1994,35.19550839067087
Pakistan,1994,57.923
Philippines,1994,30.459
Singapore,1994,20.675400000000003
South Korea,1994,183.365532
Sri Lanka,1994,4.38672
Taiwan,1994,124.63486282500001
Thailand,1994,71.10243
Vietnam,1994,12.288
Other Asia Pacific,1994,43.32737126671717
Total Asia Pacific,1994,3175.9677663983894
Canada,1995,557.8686930865186
Mexico,1995,150.35629869436306
US,1995,3567.331196667886
Total North America,1995,4275.556188448768
Argentina,1995,67.16925399999998
Brazil,1995,275.6014426953099
Chile,1995,28.027
Colombia,1995,47.483470608604755
Ecuador,1995,8.428596800000001
Peru,1995,16.8801
Trinidad & Tobago,1995,4.307
Venezuela,1995,73.446
Central America,1995,19.818553889473684
Other Caribbean,1995,51.17115501085832
Other South America,1995,54.04128850000001
Total S. & Cent. America,1995,646.3738615042466
Austria,1995,56.4256937
Belgium,1995,74.408
Bulgaria,1995,41.789
Croatia,1995,9.2758
Cyprus,1995,2.497
Czech Republic,1995,60.847
Denmark,1995,36.663050000000005
Estonia,1995,8.693
Finland,1995,64.034837
France,1995,494.274
Germany,1995,536.8209999999999
Greece,1995,41.552
Hungary,1995,34.018
Iceland,1995,4.975857
Ireland,1995,17.84221102
Italy,1995,241.489
Latvia,1995,3.979
Lithuania,1995,13.84
Luxembourg,1995,1.23
Netherlands,1995,81.063
North Macedonia,1995,6.132000000000001
Norway,1995,123.011
Poland,1995,139.006
Portugal,1995,33.264
Romania,1995,59.266
Slovakia,1995,26.774
Slovenia,1995,12.913
Spain,1995,167.085
Sweden,1995,148.35
Switzerland,1995,62.86267091972355
Turkey,1995,86.2474
Ukraine,1995,194.018
United Kingdom,1995,337.42400000000004
Other Europe,1995,56.80415200751788
Total Europe,1995,3278.874671647242
Azerbaijan,1995,17.044
Belarus,1995,24.918
Kazakhstan,1995,66.739
Russian Federation,1995,860.027
Turkmenistan,1995,9.905
Uzbekistan,1995,47.453
Other CIS,1995,42.239000000000004
Total CIS,1995,1068.325
Iran,1995,84.35300000000001
Iraq,1995,26.497928
Israel,1995,30.437
Kuwait,1995,23.724
Oman,1995,6.5
Qatar,1995,6.013
Saudi Arabia,1995,109.92802536517088
United Arab Emirates,1995,24.982
Other Middle East,1995,41.943
Total Middle East,1995,354.37795336517087
Algeria,1995,19.715
Egypt,1995,50.652
Morocco,1995,12.092
South Africa,1995,186.655
Eastern Africa,1995,31.66577691822954
Middle Africa,1995,11.440000000000001
Western Africa,1995,28.66512060556629
Other Northern Africa,1995,19.170315789473683
Other Southern Africa,1995,2.6369999999999996
Total Africa,1995,362.69221331326946
Australia,1995,175.2245
Bangladesh,1995,10.806000000000001
China,1995,1007.0300000000001
China Hong Kong SAR,1995,27.915555555555557
India,1995,427.14877394605514
Indonesia,1995,54.12053
Japan,1995,1010.88
Malaysia,1995,46.574500092258106
New Zealand,1995,36.409750512684035
Pakistan,1995,63.75
Philippines,1995,33.554
Singapore,1995,22.0574
South Korea,1995,203.546465
Sri Lanka,1995,4.80042
Taiwan,1995,133.116701786
Thailand,1995,79.73721
Vietnam,1995,14.648
Other Asia Pacific,1995,44.2807424091616
Total Asia Pacific,1995,3395.600549301714
Canada,1996,571.6216013110633
Mexico,1996,156.59093131168345
US,1996,3663.3862391670423
Total North America,1996,4391.598771789789
Argentina,1996,69.75981999999998
Brazil,1996,291.2455399137768
Chile,1996,30.791
Colombia,1996,48.3711213733397
Ecuador,1996,9.6792006
Peru,1996,17.279799999999998
Trinidad & Tobago,1996,4.541
Venezuela,1996,75.58800000000001
Central America,1996,20.10994615243527
Other Caribbean,1996,53.99932264001129
Other South America,1996,57.386189896000005
Total S. & Cent. America,1996,678.7509405755632
Austria,1996,55.13042169999999
Belgium,1996,76.099
Bulgaria,1996,42.716
Croatia,1996,11.1727
Cyprus,1996,2.609
Czech Republic,1996,64.257
Denmark,1996,53.577580555555556
Estonia,1996,9.103
Finland,1996,69.37298200000001
France,1996,513.398
Germany,1996,552.669
Greece,1996,42.567
Hungary,1996,35.09
Iceland,1996,5.111637
Ireland,1996,19.1584479
Italy,1996,244.433
Latvia,1996,3.126
Lithuania,1996,16.789
Luxembourg,1996,1.256
Netherlands,1996,85.23400000000001
North Macedonia,1996,6.641
Norway,1996,104.712
Poland,1996,143.173
Portugal,1996,34.52
Romania,1996,61.35
Slovakia,1996,25.76
Slovenia,1996,12.737
Spain,1996,174.453
Sweden,1996,140.633
Switzerland,1996,57.32834821903243
Turkey,1996,94.8617
Ukraine,1996,182.986
United Kingdom,1996,350.867
Other Europe,1996,61.459584383456814
Total Europe,1996,3354.351401758044
Azerbaijan,1996,17.085
Belarus,1996,23.728
Kazakhstan,1996,58.747
Russian Federation,1996,847.183
Turkmenistan,1996,10.13
Uzbekistan,1996,45.419000000000004
Other CIS,1996,44.293000000000006
Total CIS,1996,1046.585
Iran,1996,89.74
Iraq,1996,25.981338
Israel,1996,32.5694
Kuwait,1996,25.475
Oman,1996,6.8020000000000005
Qatar,1996,6.615
Saudi Arabia,1996,112.16712229183555
United Arab Emirates,1996,26.572
Other Middle East,1996,46.099000000000004
Total Middle East,1996,372.02086029183556
Algeria,1996,20.654
Egypt,1996,53.57
Morocco,1996,12.538
South Africa,1996,200.092
Eastern Africa,1996,31.400579926867927
Middle Africa,1996,11.616000000000001
Western Africa,1996,30.09524124974043
Other Northern Africa,1996,20.099315789473685
Other Southern Africa,1996,2.075
Total Africa,1996,382.14013696608197
Australia,1996,180.127
Bangladesh,1996,11.474
China,1996,1081.31
China Hong Kong SAR,1996,28.44
India,1996,443.20541305470925
Indonesia,1996,58.86775999999999
Japan,1996,1029.857
Malaysia,1996,53.40937387428445
New Zealand,1996,36.80440982480865
Pakistan,1996,67.565
Philippines,1996,36.707
Singapore,1996,23.9094
South Korea,1996,225.845719
Sri Lanka,1996,4.52796
Taiwan,1996,141.96245961399998
Thailand,1996,86.99163
Vietnam,1996,16.944
Other Asia Pacific,1996,43.69501743864646
Total Asia Pacific,1996,3571.6431428064493
Canada,1997,572.3414404863013
Mexico,1997,166.7484449661148
US,1997,3716.377329438841
Total North America,1997,4455.467214891257
Argentina,1997,72.46246999999998
Brazil,1997,307.9807828425842
Chile,1997,33.292
Colombia,1997,49.906342280514785
Ecuador,1997,10.3617494
Peru,1997,17.953400000000002
Trinidad & Tobago,1997,4.988
Venezuela,1997,78.066
Central America,1997,21.096612387157894
Other Caribbean,1997,57.278601590255775
Other South America,1997,64.24755651325749
Total S. & Cent. America,1997,717.63351501377
Austria,1997,57.2738494812
Belgium,1997,78.833
Bulgaria,1997,42.803000000000004
Croatia,1997,10.2484
Cyprus,1997,2.728
Czech Republic,1997,64.598
Denmark,1997,44.31163611111111
Estonia,1997,9.218
Finland,1997,69.176208
France,1997,504.77000000000004
Germany,1997,552.324
Greece,1997,43.506
Hungary,1997,35.397
Iceland,1997,5.5795259999999995
Ireland,1997,19.95659154
Italy,1997,251.473
Latvia,1997,4.506
Lithuania,1997,14.861
Luxembourg,1997,1.26
Netherlands,1997,86.659
North Macedonia,1997,6.7330000000000005
Norway,1997,111.42
Poland,1997,142.79
Portugal,1997,34.207
Romania,1997,57.148
Slovakia,1997,25.347
Slovenia,1997,13.178
Spain,1997,190.39600000000002
Sweden,1997,149.407
Switzerland,1997,62.90208612440192
Turkey,1997,103.2958
Ukraine,1997,178.002
United Kingdom,1997,350.66700000000003
Other Europe,1997,64.47032816127896
Total Europe,1997,3389.4454254179914
Azerbaijan,1997,16.836000000000002
Belarus,1997,26.057000000000002
Kazakhstan,1997,52.0
Russian Federation,1997,834.131
Turkmenistan,1997,9.498
Uzbekistan,1997,46.054
Other CIS,1997,40.763
Total CIS,1997,1025.339
Iran,1997,96.983
Iraq,1997,26.692943
Israel,1997,35.111000000000004
Kuwait,1997,26.724
Oman,1997,7.3180000000000005
Qatar,1997,6.91
Saudi Arabia,1997,119.10447093268016
United Arab Emirates,1997,28.464000000000002
Other Middle East,1997,49.827999999999996
Total Middle East,1997,397.1354139326802
Algeria,1997,21.497
Egypt,1997,56.784
Morocco,1997,13.593
South Africa,1997,210.362
Eastern Africa,1997,33.41451050296856
Middle Africa,1997,11.058999999999997
Western Africa,1997,31.120616666518
Other Northern Africa,1997,21.189315789473685
Other Southern Africa,1997,1.859
Total Africa,1997,400.8784429589602
Australia,1997,188.9795
Bangladesh,1997,11.858
China,1997,1135.55
China Hong Kong SAR,1997,28.943055555555556
India,1997,469.15354767272726
Indonesia,1997,70.69102000000001
Japan,1997,1054.864
Malaysia,1997,59.93525469460346
New Zealand,1997,37.44344755272408
Pakistan,1997,62.481
Philippines,1997,39.797000000000004
Singapore,1997,26.709400000000002
South Korea,1997,246.58747100000002
Sri Lanka,1997,5.14394
Taiwan,1997,150.486408919
Thailand,1997,92.66128
Vietnam,1997,19.132
Other Asia Pacific,1997,42.22131404625252
Total Asia Pacific,1997,3742.637639440864
Canada,1998,561.9913125520447
Mexico,1998,181.0591201448529
US,1998,3855.8083949515126
Total North America,1998,4598.858827648411
Argentina,1998,74.169556
Brazil,1998,321.74863834462184
Chile,1998,35.495
Colombia,1998,50.283142879771205
Ecuador,1998,10.8903525
Peru,1998,18.5825
Trinidad & Tobago,1998,5.1690000000000005
Venezuela,1998,80.904
Central America,1998,23.22481703499421
Other Caribbean,1998,61.4797773452276
Other South America,1998,66.9529509386302
Total S. & Cent. America,1998,748.8997350432447
Austria,1998,57.6750549658
Belgium,1998,83.183
Bulgaria,1998,41.711
Croatia,1998,11.461500000000001
Cyprus,1998,2.991
Czech Republic,1998,65.112452
Denmark,1998,41.110688888888895
Estonia,1998,8.521
Finland,1998,70.167292
France,1998,511.276
Germany,1998,557.2170000000001
Greece,1998,46.329
Hungary,1998,37.19
Iceland,1998,6.274405
Ireland,1998,21.154807180000002
Italy,1998,259.8
Latvia,1998,5.797
Lithuania,1998,17.63
Luxembourg,1998,1.295517
Netherlands,1998,92.00627300000001
North Macedonia,1998,7.048
Norway,1998,117.002
Poland,1998,142.78900000000002
Portugal,1998,38.984
Romania,1998,53.496
Slovakia,1998,26.032
Slovenia,1998,13.705
Spain,1998,195.209
Sweden,1998,159.00300000000001
Switzerland,1998,63.28794045720362
Turkey,1998,111.02239999999999
Ukraine,1998,172.822
United Kingdom,1998,362.701
Other Europe,1998,65.6241766902579
Total Europe,1998,3466.6285071821508
Azerbaijan,1998,17.995
Belarus,1998,23.492
Kazakhstan,1998,49.800000000000004
Russian Federation,1998,827.158
Turkmenistan,1998,9.416
Uzbekistan,1998,45.9
Other CIS,1998,39.518
Total CIS,1998,1013.279
Iran,1998,102.385
Iraq,1998,26.743561000000003
Israel,1998,37.976400000000005
Kuwait,1998,29.984
Oman,1998,8.2
Qatar,1998,8.166
Saudi Arabia,1998,126.16767866628155
United Arab Emirates,1998,33.392
Other Middle East,1998,54.541000000000004
Total Middle East,1998,427.55563966628154
Algeria,1998,23.262
Egypt,1998,60.697
Morocco,1998,12.968
South Africa,1998,205.374
Eastern Africa,1998,38.80012010020354
Middle Africa,1998,10.943000000000001
Western Africa,1998,29.11680848827687
Other Northern Africa,1998,22.699315789473687
Other Southern Africa,1998,2.5985000000000005
Total Africa,1998,406.4587443779541
Australia,1998,199.471
Bangladesh,1998,12.882
China,1998,1167.0
China Hong Kong SAR,1998,31.414444444444445
India,1998,505.0784301838384
Indonesia,1998,76.69270999999999
Japan,1998,1059.663
Malaysia,1998,64.14126656810983
New Zealand,1998,37.775845123441584
Pakistan,1998,66.396
Philippines,1998,41.578
Singapore,1998,28.3748
South Korea,1998,237.19740600000003
Sri Lanka,1998,5.67539
Taiwan,1998,163.227884343
Thailand,1998,89.53300999999999
Vietnam,1998,21.688
Other Asia Pacific,1998,41.482534168030305
Total Asia Pacific,1998,3849.2717208308654
Canada,1999,577.7736449502214
Mexico,1999,189.9785806379923
US,1999,3936.0977119651766
Total North America,1999,4703.84993755339
Argentina,1999,80.74473499999999
Brazil,1999,334.7262336887574
Chile,1999,38.384
Colombia,1999,47.77472075020728
Ecuador,1999,10.308119274180001
Peru,1999,19.049599999999998
Trinidad & Tobago,1999,5.247
Venezuela,1999,80.58500000000001
Central America,1999,24.74684379877527
Other Caribbean,1999,65.0954326645731
Other South America,1999,65.84131708840677
Total S. & Cent. America,1999,772.5030022648999
Austria,1999,60.94104599999999
Belgium,1999,84.514
Bulgaria,1999,38.248
Croatia,1999,12.9794
Cyprus,1999,3.1390000000000002
Czech Republic,1999,64.694232
Denmark,1999,38.91459444444445
Estonia,1999,8.265
Finland,1999,69.457417
France,1999,525.806
Germany,1999,556.3010000000002
Greece,1999,49.632
Hungary,1999,37.832
Iceland,1999,7.183988
Ireland,1999,22.0139618
Italy,1999,265.66700000000003
Latvia,1999,4.11
Lithuania,1999,13.535
Luxembourg,1999,1.022008
Netherlands,1999,87.617304
North Macedonia,1999,6.863
Norway,1999,122.834
Poland,1999,142.12800000000001
Portugal,1999,43.287
Romania,1999,50.71
Slovakia,1999,28.407
Slovenia,1999,13.261000000000001
Spain,1999,208.451
Sweden,1999,155.159
Switzerland,1999,68.61731525784158
Turkey,1999,116.4399
Ukraine,1999,172.12
United Kingdom,1999,368.151
Other Europe,1999,61.9467273290579
Total Europe,1999,3510.2478938313443
Azerbaijan,1999,18.176000000000002
Belarus,1999,26.516000000000002
Kazakhstan,1999,47.300000000000004
Russian Federation,1999,846.225
Turkmenistan,1999,8.86
Uzbekistan,1999,45.372
Other CIS,1999,41.694
Total CIS,1999,1034.143
Iran,1999,110.08800000000001
Iraq,1999,24.720878000000003
Israel,1999,39.2275
Kuwait,1999,31.576
Oman,1999,8.413
Qatar,1999,8.939
Saudi Arabia,1999,130.9993761190688
United Arab Emirates,1999,37.126
Other Middle East,1999,56.723
Total Middle East,1999,447.8127541190689
Algeria,1999,24.757
Egypt,1999,65.7305
Morocco,1999,12.895
South Africa,1999,203.012
Eastern Africa,1999,41.01749450162739
Middle Africa,1999,11.517
Western Africa,1999,31.99620706386985
Other Northern Africa,1999,24.48821052631579
Other Southern Africa,1999,3.1789
Total Africa,1999,418.59231209181326
Australia,1999,206.89950000000002
Bangladesh,1999,14.450000000000001
China,1999,1239.3000000000002
China Hong Kong SAR,1999,29.495833333333334
India,1999,547.3624648348896
Indonesia,1999,83.97097
Japan,1999,1079.142
Malaysia,1999,68.16969828044239
New Zealand,1999,37.95988408728178
Pakistan,1999,65.302
Philippines,1999,41.432
Singapore,1999,29.52
South Korea,1999,262.152146
Sri Lanka,1999,6.28075
Taiwan,1999,169.064533143
Thailand,1999,90.21529
Vietnam,1999,23.559
Other Asia Pacific,1999,44.7748037200303
Total Asia Pacific,1999,4039.050873398978
Canada,2000,603.8161068624004
Mexico,2000,203.6280610037465
US,2000,4052.2531064302543
Total North America,2000,4859.697274296401
Argentina,2000,88.977961
Brazil,2000,348.9209387830659
Chile,2000,41.268
Colombia,2000,46.7801803974841
Ecuador,2000,10.612439117316
Peru,2000,19.922700000000003
Trinidad & Tobago,2000,5.459531
Venezuela,2000,85.211
Central America,2000,26.617687855178954
Other Caribbean,2000,67.50218441891424
Other South America,2000,67.51156628820993
Total S. & Cent. America,2000,808.784188860169
Austria,2000,61.23481045045
Belgium,2000,84.012
Bulgaria,2000,40.924
Croatia,2000,11.2812
Cyprus,2000,3.37
Czech Republic,2000,73.46491800000001
Denmark,2000,36.04884166666667
Estonia,2000,8.51
Finland,2000,69.97490300000001
France,2000,539.9540000000001
Germany,2000,576.5500000000001
Greece,2000,53.843
Hungary,2000,35.191
Iceland,2000,7.677885000000001
Ireland,2000,23.98231604
Italy,2000,276.641635
Latvia,2000,4.136
Lithuania,2000,11.425
Luxembourg,2000,1.166291
Netherlands,2000,90.18057700000001
North Macedonia,2000,6.811
Norway,2000,143.173
Poland,2000,145.184
Portugal,2000,43.764
Romania,2000,51.934000000000005
Slovakia,2000,31.158
Slovenia,2000,13.624
Spain,2000,224.472
Sweden,2000,145.584
Switzerland,2000,67.32943859649124
Turkey,2000,124.92160000000001
Ukraine,2000,171.445
United Kingdom,2000,377.0679380328614
Other Europe,2000,63.37613313833545
Total Europe,2000,3619.4124869248053
Azerbaijan,2000,18.7
Belarus,2000,26.101
Kazakhstan,2000,51.6350914
Russian Federation,2000,877.764
Turkmenistan,2000,9.943
Uzbekistan,2000,46.864000000000004
Other CIS,2000,40.69200000000001
Total CIS,2000,1071.6990914
Iran,2000,119.348
Iraq,2000,27.19228
Israel,2000,42.9575
Kuwait,2000,32.323
Oman,2000,9.111
Qatar,2000,9.134
Saudi Arabia,2000,138.68348321319314
United Arab Emirates,2000,39.944
Other Middle East,2000,59.571
Total Middle East,2000,478.26426321319315
Algeria,2000,25.412
Egypt,2000,73.319
Morocco,2000,12.863
South Africa,2000,210.67000000000002
Eastern Africa,2000,43.6911929914959
Middle Africa,2000,12.680242999999997
Western Africa,2000,32.035884990905764
Other Northern Africa,2000,26.176210526315792
Other Southern Africa,2000,3.3883
Total Africa,2000,440.23583150871747
Australia,2000,216.829
Bangladesh,2000,15.77101
China,2000,1355.6
China Hong Kong SAR,2000,31.328611111111112
India,2000,571.3939361358995
Indonesia,2000,93.32639999999999
Japan,2000,1099.671
Malaysia,2000,69.90527357750237
New Zealand,2000,39.38794135115069
Pakistan,2000,63.735
Philippines,2000,45.29
Singapore,2000,31.665
South Korea,2000,290.44294800000006
Sri Lanka,2000,6.9697
Taiwan,2000,184.84078646700002
Thailand,2000,95.52127
Vietnam,2000,26.561
Other Asia Pacific,2000,48.2147012731515
Total Asia Pacific,2000,4286.453577915814
Canada,2001,587.7546027679467
Mexico,2001,210.21214204530455
US,2001,3984.4678897010317
Total North America,2001,4782.434634514283
Argentina,2001,90.13777079069767
Brazil,2001,328.55146572964077
Chile,2001,43.924
Colombia,2001,48.20800287295764
Ecuador,2001,11.049801148575
Peru,2001,20.785700000000002
Trinidad & Tobago,2001,5.644039
Venezuela,2001,90.117
Central America,2001,28.499179713300002
Other Caribbean,2001,68.29531774904746
Other South America,2001,61.33390065881905
Total S. & Cent. America,2001,796.5461776630377
Austria,2001,62.49449725033018
Belgium,2001,79.821
Bulgaria,2001,43.968
Croatia,2001,12.8085
Cyprus,2001,3.551
Czech Republic,2001,74.647397
Denmark,2001,37.72620833333334
Estonia,2001,8.481
Finland,2001,74.487387
France,2001,549.5310000000001
Germany,2001,586.3805
Greece,2001,53.704
Hungary,2001,36.415
Iceland,2001,8.027066
Ireland,2001,24.96049208
Italy,2001,279.00865600000003
Latvia,2001,4.28
Lithuania,2001,14.737
Luxembourg,2001,1.621117
Netherlands,2001,94.07242600000001
North Macedonia,2001,6.362
Norway,2001,121.98400000000001
Poland,2001,145.616
Portugal,2001,46.509
Romania,2001,53.866
Slovakia,2001,32.046
Slovenia,2001,14.466000000000001
Spain,2001,236.043
Sweden,2001,161.615
Switzerland,2001,72.24508931419459
Turkey,2001,122.72470000000001
Ukraine,2001,172.972
United Kingdom,2001,384.7786719908172
Other Europe,2001,63.10890957097422
Total Europe,2001,3685.0586175396506
Azerbaijan,2001,18.969
Belarus,2001,25.063
Kazakhstan,2001,55.3840027
Russian Federation,2001,891.284
Turkmenistan,2001,10.614
Uzbekistan,2001,47.961
Other CIS,2001,39.800000000000004
Total CIS,2001,1089.0750027
Iran,2001,127.60300000000001
Iraq,2001,31.724815
Israel,2001,43.8382
Kuwait,2001,34.299
Oman,2001,9.737
Qatar,2001,9.951
Saudi Arabia,2001,146.09321173726448
United Arab Emirates,2001,43.172000000000004
Other Middle East,2001,62.637499999999996
Total Middle East,2001,509.0557267372644
Algeria,2001,26.625
Egypt,2001,80.7125
Morocco,2001,15.046000000000001
South Africa,2001,210.1
Eastern Africa,2001,48.79427753809106
Middle Africa,2001,13.050692
Western Africa,2001,34.04032794602966
Other Northern Africa,2001,27.58721052631579
Other Southern Africa,2001,3.2193000000000005
Total Africa,2001,459.17530801043637
Australia,2001,224.255
Bangladesh,2001,17.392014
China,2001,1480.802
China Hong Kong SAR,2001,32.42916666666667
India,2001,586.0927384360359
Indonesia,2001,101.6586
Japan,2001,1083.142
Malaysia,2001,75.77568516200746
New Zealand,2001,39.705110217423965
Pakistan,2001,70.6485
Philippines,2001,47.049
Singapore,2001,33.061
South Korea,2001,309.885952
Sri Lanka,2001,6.8008999999999995
Taiwan,2001,188.530441505
Thailand,2001,100.98719
Vietnam,2001,30.608
Other Asia Pacific,2001,49.690668836030305
Total Asia Pacific,2001,4478.513966823165
Canada,2002,599.7919546433794
Mexico,2002,215.7222714883992
US,2002,4111.775538198574
Total North America,2002,4927.289764330353
Argentina,2002,84.59000837209301
Brazil,2002,345.7226247238453
Chile,2002,45.491
Colombia,2002,50.28266393982947
Ecuador,2002,11.887558245805
Peru,2002,21.9823
Trinidad & Tobago,2002,5.644369
Venezuela,2002,89.39489999999999
Central America,2002,30.11709801593684
Other Caribbean,2002,71.42252097096515
Other South America,2002,64.93353534691195
Total S. & Cent. America,2002,821.4685786153867
Austria,2002,62.531577309133304
Belgium,2002,82.069
Bulgaria,2002,42.679
Croatia,2002,12.7724
Cyprus,2002,3.785
Czech Republic,2002,76.347477
Denmark,2002,39.28264444444444
Estonia,2002,8.524000000000001
Finland,2002,74.957177
France,2002,559.064
Germany,2002,586.6850000000001
Greece,2002,54.608000000000004
Hungary,2002,36.157000000000004
Iceland,2002,8.409572
Ireland,2002,25.199535100000002
Italy,2002,285.276011
Latvia,2002,3.975
Lithuania,2002,17.721
Luxembourg,2002,3.698743
Netherlands,2002,95.08289200000002
North Macedonia,2002,6.091
Norway,2002,130.748
Poland,2002,144.126
Portugal,2002,46.107
Romania,2002,54.738
Slovakia,2002,32.427
Slovenia,2002,14.6
Spain,2002,244.963
Sweden,2002,146.732
Switzerland,2002,66.93602870813397
Turkey,2002,129.3995
Ukraine,2002,173.734
United Kingdom,2002,387.24631465201475
Other Europe,2002,62.57772230658658
Total Europe,2002,3719.250594520313
Azerbaijan,2002,18.701
Belarus,2002,26.456
Kazakhstan,2002,58.3305501
Russian Federation,2002,891.2860000000001
Turkmenistan,2002,10.707
Uzbekistan,2002,49.31
Other CIS,2002,38.478
Total CIS,2002,1093.2685501000003
Iran,2002,138.225
Iraq,2002,35.41740600000001
Israel,2002,45.4279
Kuwait,2002,36.362
Oman,2002,10.331
Qatar,2002,10.94
Saudi Arabia,2002,154.90595933869218
United Arab Emirates,2002,46.856
Other Middle East,2002,68.0023
Total Middle East,2002,546.4675653386922
Algeria,2002,27.648
Egypt,2002,86.236
Morocco,2002,15.228
South Africa,2002,220.57500000000002
Eastern Africa,2002,51.38840589150836
Middle Africa,2002,13.308792
Western Africa,2002,40.377534663506744
Other Northern Africa,2002,29.461473684210524
Other Southern Africa,2002,3.4256
Total Africa,2002,487.64880623922556
Australia,2002,223.49519999999998
Bangladesh,2002,18.665066
China,2002,1654.0000000000002
China Hong Kong SAR,2002,34.31166666666667
India,2002,609.650478588807
Indonesia,2002,108.2168
Japan,2002,1103.0810000000001
Malaysia,2002,80.88
New Zealand,2002,40.731008879341076
Pakistan,2002,74.431
Philippines,2002,48.467436
Singapore,2002,34.6646
South Korea,2002,332.020947
Sri Lanka,2002,7.10429
Taiwan,2002,198.82888868999999
Thailand,2002,108.44169000000001
Vietnam,2002,35.796
Other Asia Pacific,2002,49.926070528606054
Total Asia Pacific,2002,4762.71214235342
Canada,2003,588.2696299697212
Mexico,2003,224.90308351325578
US,2003,4137.978841606171
Total North America,2003,4951.151555089148
Argentina,2003,92.0594430232558
Brazil,2003,364.384638
Chile,2003,48.787
Colombia,2003,52.11305277213689
Ecuador,2003,11.546131783838998
Peru,2003,22.9234
Trinidad & Tobago,2003,6.437902
Venezuela,2003,90.0603
Central America,2003,32.1475625055
Other Caribbean,2003,73.35172471489652
Other South America,2003,67.52312566148599
Total S. & Cent. America,2003,861.3342804611141
Austria,2003,60.13277483997502
Belgium,2003,84.63
Bulgaria,2003,42.6
Croatia,2003,13.2521
Cyprus,2003,4.0520000000000005
Czech Republic,2003,83.226141
Denmark,2003,46.17945833333333
Estonia,2003,10.158
Finland,2003,84.32735000000001
France,2003,566.838
Germany,2003,608.9608852088049
Greece,2003,58.471000000000004
Hungary,2003,34.145
Iceland,2003,8.49341934
Ireland,2003,25.239542299999997
Italy,2003,293.884765
Latvia,2003,3.975
Lithuania,2003,19.488
Luxembourg,2003,3.621422
Netherlands,2003,98.140305
North Macedonia,2003,6.738
Norway,2003,107.32900000000001
Poland,2003,151.631
Portugal,2003,46.852000000000004
Romania,2003,55.14
Slovakia,2003,31.178
Slovenia,2003,13.821
Spain,2003,260.72700000000003
Sweden,2003,135.435
Switzerland,2003,67.18492078681552
Turkey,2003,140.5805
Ukraine,2003,180.36
United Kingdom,2003,398.20912310146946
Other Europe,2003,65.96867502126348
Total Europe,2003,3810.969381931661
Azerbaijan,2003,21.286
Belarus,2003,26.627
Kazakhstan,2003,63.8663626
Russian Federation,2003,916.2860000000001
Turkmenistan,2003,10.92
Uzbekistan,2003,48.7139
Other CIS,2003,41.998000000000005
Total CIS,2003,1129.6972626
Iran,2003,151.645
Iraq,2003,26.605591
Israel,2003,47.0476
Kuwait,2003,39.802
Oman,2003,10.714
Qatar,2003,12.012
Saudi Arabia,2003,166.58758916524172
United Arab Emirates,2003,49.45
Other Middle East,2003,70.2954
Total Middle East,2003,574.1591801652418
Algeria,2003,29.528000000000002
Egypt,2003,92.1865
Morocco,2003,16.52
South Africa,2003,234.229
Eastern Africa,2003,51.34927774542971
Middle Africa,2003,14.044749000000001
Western Africa,2003,37.646841326546955
Other Northern Africa,2003,30.32279168421053
Other Southern Africa,2003,3.2862
Total Africa,2003,509.11335975618715
Australia,2003,225.9524
Bangladesh,2003,19.71285
China,2003,1910.575
China Hong Kong SAR,2003,35.50611111111111
India,2003,638.1310101807262
Indonesia,2003,112.9754
Japan,2003,1092.595
Malaysia,2003,83.3
New Zealand,2003,40.85524472867674
Pakistan,2003,76.986
Philippines,2003,52.940537000000006
Singapore,2003,35.2815
South Korea,2003,347.756209
Sri Lanka,2003,8.12485
Taiwan,2003,209.07238710500002
Thailand,2003,115.93462
Vietnam,2003,40.925000000000004
Other Asia Pacific,2003,52.59978767436363
Total Asia Pacific,2003,5099.223906799877
Canada,2004,598.509646967121
Mexico,2004,235.39655602165058
US,2004,4231.682747347144
Total North America,2004,5065.588950335915
Argentina,2004,100.26082099999996
Brazil,2004,387.4924157120141
Chile,2004,49.743068636000004
Colombia,2004,53.83857431898831
Ecuador,2004,12.584844248350999
Peru,2004,24.267
Trinidad & Tobago,2004,6.430579
Venezuela,2004,96.8695
Central America,2004,33.97399020744062
Other Caribbean,2004,71.2895328138929
Other South America,2004,65.29511412584236
Total S. & Cent. America,2004,902.0454400625292
Austria,2004,64.10708199999999
Belgium,2004,84.21030000000032
Bulgaria,2004,41.620811
Croatia,2004,13.989700000000001
Cyprus,2004,4.2010000000000005
Czech Republic,2004,84.333903
Denmark,2004,40.43985
Estonia,2004,10.302
Finland,2004,85.84537200000001
France,2004,574.054
Germany,2004,617.6997796911298
Greece,2004,59.345781
Hungary,2004,33.708
Iceland,2004,8.620090124
Ireland,2004,25.59760674
Italy,2004,303.347006
Latvia,2004,4.689
Lithuania,2004,19.274
Luxembourg,2004,4.132149999999999
Netherlands,2004,102.144798
North Macedonia,2004,6.667
Norway,2004,110.647
Poland,2004,154.159
Portugal,2004,45.105000000000004
Romania,2004,56.499
Slovakia,2004,30.567
Slovenia,2004,15.272
Spain,2004,280.007
Sweden,2004,152.454
Switzerland,2004,65.39224348750665
Turkey,2004,150.6983
Ukraine,2004,182.165
United Kingdom,2004,393.9297583155788
Other Europe,2004,70.54048532036838
Total Europe,2004,3895.765016678584
Azerbaijan,2004,21.744
Belarus,2004,31.211000000000002
Kazakhstan,2004,66.9423699
Russian Federation,2004,931.9
Turkmenistan,2004,11.98
Uzbekistan,2004,49.677600000000005
Other CIS,2004,43.496
Total CIS,2004,1156.9509699
Iran,2004,162.755
Iraq,2004,30.696344
Israel,2004,48.4711
Kuwait,2004,41.256
Oman,2004,11.499
Qatar,2004,13.233
Saudi Arabia,2004,173.40466164636763
United Arab Emirates,2004,52.417
Other Middle East,2004,74.37559999999999
Total Middle East,2004,608.1077056463675
Algeria,2004,31.249000000000002
Egypt,2004,98.2523193222548
Morocco,2004,17.5715
South Africa,2004,244.60500000000002
Eastern Africa,2004,55.226494228338964
Middle Africa,2004,15.816400000000002
Western Africa,2004,42.715374856011735
Other Northern Africa,2004,32.308586684210525
Other Southern Africa,2004,3.1115
Total Africa,2004,540.856175090816
Australia,2004,229.21705
Bangladesh,2004,24.684914000000003
China,2004,2203.31
China Hong Kong SAR,2004,37.12861111111111
India,2004,698.300975
Indonesia,2004,120.15060000000001
Japan,2004,1121.193
Malaysia,2004,96.06
New Zealand,2004,42.76838184267279
Pakistan,2004,82.3055
Philippines,2004,55.95743
Singapore,2004,36.809599999999996
South Korea,2004,368.03355200000004
Sri Lanka,2004,8.74352
Taiwan,2004,218.396631892
Thailand,2004,124.13266
Vietnam,2004,46.209
Other Asia Pacific,2004,54.50677360970707
Total Asia Pacific,2004,5567.908199455492
Canada,2005,620.479798247672
Mexico,2005,247.97075103170997
US,2005,4322.786632227311
Total North America,2005,5191.237181506694
Argentina,2005,105.750115
Brazil,2005,403.0827830439113
Chile,2005,51.89866535384131
Colombia,2005,55.89710848302268
Ecuador,2005,13.404022567387997
Peru,2005,25.509700000000002
Trinidad & Tobago,2005,7.058743000000001
Venezuela,2005,104.36079
Central America,2005,35.82041905444445
Other Caribbean,2005,73.89443390888916
Other South America,2005,66.65973289574816
Total S. & Cent. America,2005,943.336513307245
Austria,2005,66.83274237743935
Belgium,2005,85.67690000000032
Bulgaria,2005,44.364483
Croatia,2005,13.1615
Cyprus,2005,4.377
Czech Republic,2005,82.578571
Denmark,2005,36.24135
Estonia,2005,10.201
Finland,2005,70.583575
France,2005,576.062
Germany,2005,622.7128776940453
Greece,2005,60.020138
Hungary,2005,35.756
Iceland,2005,8.681113926999998
Ireland,2005,25.983228139359994
Italy,2005,303.6999
Latvia,2005,4.906
Lithuania,2005,14.7843
Luxembourg,2005,4.129123
Netherlands,2005,100.76871000000001
North Macedonia,2005,6.942
Norway,2005,138.005
Poland,2005,156.936
Portugal,2005,46.575
Romania,2005,59.413000000000004
Slovakia,2005,31.455000000000002
Slovenia,2005,15.117
Spain,2005,294.077
Sweden,2005,159.06
Switzerland,2005,59.48184635832004
Turkey,2005,161.9562
Ukraine,2005,186.055
United Kingdom,2005,398.361132705616
Other Europe,2005,73.66825292564012
Total Europe,2005,3958.6229441274218
Azerbaijan,2005,22.872
Belarus,2005,30.961000000000002
Kazakhstan,2005,67.9197296
Russian Federation,2005,954.1
Turkmenistan,2005,12.819
Uzbekistan,2005,47.6272
Other CIS,2005,44.2842
Total CIS,2005,1180.5831296000001
Iran,2005,177.077
Iraq,2005,28.343179
Israel,2005,49.833400000000005
Kuwait,2005,43.734
Oman,2005,12.648
Qatar,2005,14.396
Saudi Arabia,2005,191.05495591246506
United Arab Emirates,2005,60.698
Other Middle East,2005,80.69059999999999
Total Middle East,2005,658.4751349124651
Algeria,2005,33.915
Egypt,2005,104.94731541218638
Morocco,2005,19.723200000000002
South Africa,2005,244.922
Eastern Africa,2005,58.37899342023497
Middle Africa,2005,16.531642
Western Africa,2005,43.18196145380534
Other Northern Africa,2005,35.42238168421052
Other Southern Africa,2005,3.5085
Total Africa,2005,560.5309939704375
Australia,2005,230.73954999999998
Bangladesh,2005,26.450402
China,2005,2500.2599999999998
China Hong Kong SAR,2005,38.44833333333334
India,2005,704.5093181999999
Indonesia,2005,127.5608
Japan,2005,1153.0620000000001
Malaysia,2005,98.75
New Zealand,2005,42.98083624517688
Pakistan,2005,88.76422141529586
Philippines,2005,56.56774
Singapore,2005,38.2127
South Korea,2005,389.479512
Sri Lanka,2005,8.84822
Taiwan,2005,227.512250072
Thailand,2005,130.42631
Vietnam,2005,52.078
Other Asia Pacific,2005,57.1083870569596
Total Asia Pacific,2005,5971.758580322767
Canada,2006,608.4283100313834
Mexico,2006,256.22496048275775
US,2006,4330.9516407387755
Total North America,2006,5195.604911252916
Argentina,2006,113.423565
Brazil,2006,419.44914720930234
Chile,2006,54.80155065701374
Colombia,2006,59.06591451969429
Ecuador,2006,15.115849674445
Peru,2006,27.3698
Trinidad & Tobago,2006,7.17109
Venezuela,2006,110.64354
Central America,2006,37.94995356444444
Other Caribbean,2006,75.98303342960384
Other South America,2006,67.5672743675618
Total S. & Cent. America,2006,988.5407184220653
Austria,2006,64.375271148
Belgium,2006,84.58720000000031
Bulgaria,2006,45.843021
Croatia,2006,13.047
Cyprus,2006,4.652
Czech Republic,2006,84.359019
Denmark,2006,45.602291666666666
Estonia,2006,9.729000000000001
Finland,2006,82.312332
France,2006,574.869
Germany,2006,639.6885439737232
Greece,2006,60.789713000000006
Hungary,2006,35.859
Iceland,2006,9.924843022000001
Ireland,2006,27.504400279358762
Italy,2006,314.121963
Latvia,2006,4.891
Lithuania,2006,12.4819
Luxembourg,2006,4.333512
Netherlands,2006,98.834621
North Macedonia,2006,7.006
Norway,2006,121.538
Poland,2006,161.742
Portugal,2006,49.041000000000004
Romania,2006,62.696
Slovakia,2006,31.418
Slovenia,2006,15.115
Spain,2006,299.454
Sweden,2006,143.3
Switzerland,2006,63.86112174375332
Turkey,2006,176.2998
Ukraine,2006,193.381
United Kingdom,2006,397.282323570934
Other Europe,2006,74.96612745250467
Total Europe,2006,4014.9060038569405
Azerbaijan,2006,24.543
Belarus,2006,31.811
Kazakhstan,2006,71.66846050000001
Russian Federation,2006,992.1000000000001
Turkmenistan,2006,13.65
Uzbekistan,2006,49.374
Other CIS,2006,43.491
Total CIS,2006,1226.6374605000005
Iran,2006,193.43
Iraq,2006,30.591112000000003
Israel,2006,51.8112
Kuwait,2006,47.607
Oman,2006,13.585
Qatar,2006,15.325000000000001
Saudi Arabia,2006,196.3114419188385
United Arab Emirates,2006,62.438
Other Middle East,2006,86.76440000000002
Total Middle East,2006,697.8631539188384
Algeria,2006,35.227000000000004
Egypt,2006,111.66104985337243
Morocco,2006,20.451
South Africa,2006,253.798
Eastern Africa,2006,60.444396706172896
Middle Africa,2006,18.838242
Western Africa,2006,44.57517304772324
Other Northern Africa,2006,37.909439842105265
Other Southern Africa,2006,3.35258
Total Africa,2006,586.2568814493737
Australia,2006,237.99095000000003
Bangladesh,2006,29.538033
China,2006,2865.726
China Hong Kong SAR,2006,38.612500000000004
India,2006,744.4262523150684
Indonesia,2006,133.11020000000002
Japan,2006,1164.348
Malaysia,2006,103.994
New Zealand,2006,43.53799378036397
Pakistan,2006,96.7200128853283
Philippines,2006,56.78413
Singapore,2006,39.4804
South Korea,2006,402.988942
Sri Lanka,2006,9.4979
Taiwan,2006,235.530125508
Thailand,2006,136.76671
Vietnam,2006,57.917
Other Asia Pacific,2006,60.60774613999999
Total Asia Pacific,2006,6457.576895628762
Canada,2007,634.1848104611481
Mexico,2007,263.249536043933
US,2007,4431.837021165222
Total North America,2007,5329.271367670302
Argentina,2007,113.52504191999999
Brazil,2007,445.14892568056297
Chile,2007,58.3059717331907
Colombia,2007,60.520302011991134
Ecuador,2007,17.336655151753998
Peru,2007,29.943
Trinidad & Tobago,2007,7.676285
Venezuela,2007,113.69732
Central America,2007,39.96680331444445
Other Caribbean,2007,76.27840441401163
Other South America,2007,71.86027830687172
Total S. & Cent. America,2007,1034.258987532827
Austria,2007,64.75748856800027
Belgium,2007,88.10290000000033
Bulgaria,2007,43.296861
Croatia,2007,12.7077
Cyprus,2007,4.871
Czech Republic,2007,88.19909600000001
Denmark,2007,39.315469444444446
Estonia,2007,12.188
Finland,2007,81.246346
France,2007,569.768
Germany,2007,640.8490670810841
Greece,2007,63.496842
Hungary,2007,39.96
Iceland,2007,11.975738967000002
Ireland,2007,28.738121968306388
Italy,2007,313.887349
Latvia,2007,4.771
Lithuania,2007,14.007
Luxembourg,2007,4.001358000000001
Netherlands,2007,105.164161
North Macedonia,2007,6.498
Norway,2007,137.16400000000002
Poland,2007,159.348
Portugal,2007,47.253
Romania,2007,61.673
Slovakia,2007,28.056
Slovenia,2007,15.043000000000001
Spain,2007,305.052
Sweden,2007,148.742
Switzerland,2007,67.7299303561935
Turkey,2007,191.55812940900003
Ukraine,2007,196.251
United Kingdom,2007,396.82994977026857
Other Europe,2007,71.52212912551661
Total Europe,2007,4064.0236376898147
Azerbaijan,2007,21.847
Belarus,2007,31.829
Kazakhstan,2007,76.6209469
Russian Federation,2007,1018.7000000000002
Turkmenistan,2007,14.88
Uzbekistan,2007,49.0329
Other CIS,2007,44.12779999999999
Total CIS,2007,1257.0376469
Iran,2007,203.131
Iraq,2007,32.347414
Israel,2007,55.1071
Kuwait,2007,48.753
Oman,2007,14.443
Qatar,2007,19.462
Saudi Arabia,2007,204.4337426951941
United Arab Emirates,2007,78.761
Other Middle East,2007,91.8922
Total Middle East,2007,748.3304566951941
Algeria,2007,37.31
Egypt,2007,119.86698044965787
Morocco,2007,20.313
South Africa,2007,263.479
Eastern Africa,2007,64.1572321288665
Middle Africa,2007,18.886442
Western Africa,2007,43.47105302168496
Other Northern Africa,2007,40.06823484210526
Other Southern Africa,2007,3.24068
Total Africa,2007,610.7926224423144
Australia,2007,243.1848
Bangladesh,2007,31.015646999999998
China,2007,3281.5530000000003
China Hong Kong SAR,2007,38.94777777777777
India,2007,796.2651750000002
Indonesia,2007,142.44102
Japan,2007,1180.109
Malaysia,2007,108.539
New Zealand,2007,43.89349657224825
Pakistan,2007,99.3809963798631
Philippines,2007,59.611788000000004
Singapore,2007,41.1341
South Korea,2007,425.407289
Sri Lanka,2007,9.90056
Taiwan,2007,243.11658395100002
Thailand,2007,142.53754
Vietnam,2007,64.147
Other Asia Pacific,2007,64.67728875949057
Total Asia Pacific,2007,7015.862062440381
Canada,2008,635.1004482231485
Mexico,2008,269.29974799321764
US,2008,4390.106116983962
Total North America,2008,5294.506313200329
Argentina,2008,121.90524828000001
Brazil,2008,463.1715771906199
Chile,2008,59.71478161000001
Colombia,2008,61.37364043252378
Ecuador,2008,18.608525816211
Peru,2008,32.4631
Trinidad & Tobago,2008,7.731534
Venezuela,2008,119.31733
Central America,2008,40.883479018888885
Other Caribbean,2008,73.1952940148461
Other South America,2008,73.6817359295577
Total S. & Cent. America,2008,1072.046246292647
Austria,2008,66.72518634566
Belgium,2008,84.39960000000032
Bulgaria,2008,45.036218999999996
Croatia,2008,12.8905
Cyprus,2008,5.079
Czech Republic,2008,83.645492
Denmark,2008,36.616147222222224
Estonia,2008,10.579
Finland,2008,77.43334
France,2008,573.807112
Germany,2008,640.8802157818708
Greece,2008,63.74988
Hungary,2008,40.025
Iceland,2008,16.467751844000002
Ireland,2008,30.262417845389166
Italy,2008,319.130538
Latvia,2008,5.274
Lithuania,2008,14.01
Luxembourg,2008,3.557091
Netherlands,2008,108.20277800000001
North Macedonia,2008,6.311
Norway,2008,142.108
Poland,2008,155.3054
Portugal,2008,45.969
Romania,2008,64.956
Slovakia,2008,28.962
Slovenia,2008,16.398
Spain,2008,313.758
Sweden,2008,149.65
Switzerland,2008,68.74175225943647
Turkey,2008,198.42
Ukraine,2008,192.586
United Kingdom,2008,388.9180979407209
Other Europe,2008,77.57719795321637
Total Europe,2008,4087.431717192517
Azerbaijan,2008,21.642
Belarus,2008,35.054
Kazakhstan,2008,80.3477922
Russian Federation,2008,1040.0
Turkmenistan,2008,15.0
Uzbekistan,2008,50.1784
Other CIS,2008,39.7281
Total CIS,2008,1281.9502922
Iran,2008,210.48000000000002
Iraq,2008,35.305087
Israel,2008,55.8315
Kuwait,2008,51.749
Oman,2008,16.048000000000002
Qatar,2008,21.616
Saudi Arabia,2008,204.20060900000001
United Arab Emirates,2008,80.46300000000001
Other Middle East,2008,97.97359999999999
Total Middle East,2008,773.6667960000001
Algeria,2008,40.237
Egypt,2008,128.79240990550667
Morocco,2008,20.990600000000004
South Africa,2008,258.291
Eastern Africa,2008,65.11243344300073
Middle Africa,2008,20.451942000000003
Western Africa,2008,43.5026878705841
Other Northern Africa,2008,43.124029842105266
Other Southern Africa,2008,3.1337
Total Africa,2008,623.6358030611967
Australia,2008,245.37090000000003
Bangladesh,2008,34.236114
China,2008,3495.7599999999998
China Hong Kong SAR,2008,37.99027777777778
India,2008,828.4135525
Indonesia,2008,149.43653999999998
Japan,2008,1183.72
Malaysia,2008,113.82300000000001
New Zealand,2008,43.92571616664815
Pakistan,2008,93.1883585365183
Philippines,2008,60.820985
Singapore,2008,41.670597
South Korea,2008,442.610958
Sri Lanka,2008,10.00328
Taiwan,2008,238.305365274
Thailand,2008,145.43735999999998
Vietnam,2008,70.96000000000001
Other Asia Pacific,2008,67.7035335590101
Total Asia Pacific,2008,7303.376537813955
Canada,2009,613.8776750517055
Mexico,2009,267.75358299198064
US,2009,4206.493360590433
Total North America,2009,5088.1246186341195
Argentina,2009,122.32601491554225
Brazil,2009,466.1581230211982
Chile,2009,59.70077909
Colombia,2009,63.183012130050784
Ecuador,2009,18.264615252905998
Peru,2009,32.9447
Trinidad & Tobago,2009,7.842939
Venezuela,2009,124.84439
Central America,2009,41.61190378111111
Other Caribbean,2009,72.73555183112846
Other South America,2009,73.5393511900197
Total S. & Cent. America,2009,1083.1513802119566
Austria,2009,69.08750913780004
Belgium,2009,91.18330000000033
Bulgaria,2009,42.96339
Croatia,2009,13.449661
Cyprus,2009,5.215
Czech Republic,2009,82.185712
Denmark,2009,36.384475
Estonia,2009,8.777000000000001
Finland,2009,72.070997
France,2009,535.925197
Germany,2009,595.8384513646722
Greece,2009,61.340348
Hungary,2009,35.908
Iceland,2009,16.835361662
Ireland,2009,28.35156571054795
Italy,2009,292.639678
Latvia,2009,5.569
Lithuania,2009,15.357600000000001
Luxembourg,2009,3.878379
Netherlands,2009,113.502778
North Macedonia,2009,6.828
Norway,2009,131.773
Poland,2009,151.72
Portugal,2009,50.207
Romania,2009,58.016
Slovakia,2009,26.155
Slovenia,2009,16.403
Spain,2009,296.30188802842883
Sweden,2009,136.681
Switzerland,2009,68.26479532163744
Turkey,2009,194.812934
Ukraine,2009,173.619
United Kingdom,2009,376.75380240151355
Other Europe,2009,80.37343111284423
Total Europe,2009,3894.3722537394447
Azerbaijan,2009,18.869
Belarus,2009,30.405
Kazakhstan,2009,78.72913190000001
Russian Federation,2009,993.1000000000001
Turkmenistan,2009,16.0
Uzbekistan,2009,50.0631
Other CIS,2009,39.0694
Total CIS,2009,1226.2356319000003
Iran,2009,221.80700000000002
Iraq,2009,41.293343
Israel,2009,55.3072
Kuwait,2009,53.218
Oman,2009,18.4453
Qatar,2009,24.158
Saudi Arabia,2009,217.306609
United Arab Emirates,2009,85.69800000000001
Other Middle East,2009,101.1679
Total Middle East,2009,818.4013520000001
Algeria,2009,43.112
Egypt,2009,134.2672326490714
Morocco,2009,21.6553
South Africa,2009,249.55700000000002
Eastern Africa,2009,68.85991990523078
Middle Africa,2009,21.483842000000003
Western Africa,2009,42.62507662479298
Other Northern Africa,2009,45.71982484210526
Other Southern Africa,2009,2.964118
Total Africa,2009,630.2443140212005
Australia,2009,249.90195000000003
Bangladesh,2009,37.207489
China,2009,3714.6510000000003
China Hong Kong SAR,2009,38.76777777777777
India,2009,879.7072499999999
Indonesia,2009,156.79722
Japan,2009,1114.003
Malaysia,2009,116.114
New Zealand,2009,43.5462072341957
Pakistan,2009,98.8277565747034
Philippines,2009,61.934432
Singapore,2009,41.80183050885524
South Korea,2009,452.44746100000003
Sri Lanka,2009,9.98688
Taiwan,2009,230.037159302
Thailand,2009,145.90669999999997
Vietnam,2009,80.643
Other Asia Pacific,2009,66.42629878555235
Total Asia Pacific,2009,7538.707412183084
Canada,2010,607.0118484563803
Mexico,2010,275.5675
US,2010,4394.250984818358
Total North America,2010,5276.830333274738
Argentina,2010,125.99205328189998
Brazil,2010,515.7986875907544
Chile,2010,61.332643
Colombia,2010,64.66284077533707
Ecuador,2010,19.509853832412002
Peru,2010,35.908
Trinidad & Tobago,2010,8.485408
Venezuela,2010,116.7162
Central America,2010,42.974847853333344
Other Caribbean,2010,73.92581208470743
Other South America,2010,75.23394688435488
Total S. & Cent. America,2010,1140.5402933027995
Austria,2010,71.14679860536444
Belgium,2010,94.58150000000035
Bulgaria,2010,46.652557
Croatia,2010,14.90256
Cyprus,2010,5.322
Czech Republic,2010,85.903
Denmark,2010,38.86278888888889
Estonia,2010,12.962
Finland,2010,80.672761
France,2010,569.288113
Germany,2010,632.811070339127
Greece,2010,57.404917000000005
Hungary,2010,37.371
Iceland,2010,17.059093363000002
Ireland,2010,28.68856654600732
Italy,2010,302.0622
Latvia,2010,6.627
Lithuania,2010,5.748600000000001
Luxembourg,2010,4.591276
Netherlands,2010,118.13888899999999
North Macedonia,2010,7.26
Norway,2010,123.663
Poland,2010,157.65800000000002
Portugal,2010,54.093
Romania,2010,60.979
Slovakia,2010,27.858
Slovenia,2010,16.44
Spain,2010,300.4309460528766
Sweden,2010,148.255
Switzerland,2010,68.00486177565125
Turkey,2010,211.21013
Ukraine,2010,188.828
United Kingdom,2010,382.0682499709226
Other Europe,2010,87.20831155970231
Total Europe,2010,4064.753190101542
Azerbaijan,2010,18.709500000000002
Belarus,2010,34.89
Kazakhstan,2010,82.6464953
Russian Federation,2010,1038.0327
Turkmenistan,2010,16.7
Uzbekistan,2010,51.935
Other CIS,2010,41.069
Total CIS,2010,1283.9826953000002
Iran,2010,235.681
Iraq,2010,41.702884
Israel,2010,58.486000000000004
Kuwait,2010,57.083
Oman,2010,19.8187
Qatar,2010,28.144000000000002
Saudi Arabia,2010,248.77351000000002
United Arab Emirates,2010,93.949
Other Middle East,2010,108.96113850000002
Total Middle East,2010,892.5992324999999
Algeria,2010,45.735
Egypt,2010,144.43171977842945
Morocco,2010,23.683400000000002
South Africa,2010,259.601
Eastern Africa,2010,74.16778902574661
Middle Africa,2010,22.536720000000003
Western Africa,2010,50.86095846893805
Other Northern Africa,2010,49.02687906854839
Other Southern Africa,2010,2.830902
Total Africa,2010,672.8743683416624
Australia,2010,250.96169999999995
Bangladesh,2010,40.839994999999995
China,2010,4207.16
China Hong Kong SAR,2010,38.33266666666667
India,2010,937.4680375000002
Indonesia,2010,169.78624
Japan,2010,1156.023
Malaysia,2010,125.045
New Zealand,2010,44.99372329406035
Pakistan,2010,99.38471900684017
Philippines,2010,67.742759
Singapore,2010,45.36916456619006
South Korea,2010,495.0283630419549
Sri Lanka,2010,10.80074
Taiwan,2010,247.05886694400002
Thailand,2010,157.57502111200006
Vietnam,2010,91.72200000000001
Other Asia Pacific,2010,73.72180477519241
Total Asia Pacific,2010,8259.013800906903
Canada,2011,638.2813280492533
Mexico,2011,292.1430555555556
US,2011,4363.377155204782
Total North America,2011,5293.801538809591
Argentina,2011,129.48330815
Brazil,2011,531.7582282911961
Chile,2011,65.22276124000001
Colombia,2011,66.15454613690152
Ecuador,2011,20.544142533206
Peru,2011,38.8065
Trinidad & Tobago,2011,8.772408
Venezuela,2011,122.89773
Central America,2011,44.486680315422866
Other Caribbean,2011,74.30197407829075
Other South America,2011,78.93269200738476
Total S. & Cent. America,2011,1181.360970752402
Austria,2011,65.85511369180439
Belgium,2011,90.5879000000003
Bulgaria,2011,50.796608
Croatia,2011,11.372169
Cyprus,2011,4.929
Czech Republic,2011,87.477
Denmark,2011,35.22922777777778
Estonia,2011,12.892
Finland,2011,73.502395
France,2011,565.6034434973595
Germany,2011,612.9383692913549
Greece,2011,59.43657100000001
Hungary,2011,36.019
Iceland,2011,17.210413408
Ireland,2011,27.47822434957498
Italy,2011,302.5699
Latvia,2011,6.094
Lithuania,2011,4.8216
Luxembourg,2011,3.7162930000000003
Netherlands,2011,112.965935
North Macedonia,2011,6.759
Norway,2011,127.652
Poland,2011,163.548
Portugal,2011,52.465
Romania,2011,62.216
Slovakia,2011,28.656000000000002
Slovenia,2011,16.059
Spain,2011,291.7586963790894
Sweden,2011,151.163
Switzerland,2011,64.82462679425838
Turkey,2011,229.39792153846153
Ukraine,2011,194.9468
United Kingdom,2011,367.98182107032085
Other Europe,2011,81.59332373482191
Total Europe,2011,4020.516352532824
Azerbaijan,2011,20.2938
Belarus,2011,32.203
Kazakhstan,2011,86.5855045
Russian Federation,2011,1054.8575
Turkmenistan,2011,17.2
Uzbekistan,2011,52.772
Other CIS,2011,44.5952
Total CIS,2011,1308.5070045000002
Iran,2011,235.588
Iraq,2011,42.221572
Israel,2011,59.276700000000005
Kuwait,2011,57.489000000000004
Oman,2011,21.870900000000002
Qatar,2011,30.731
Saudi Arabia,2011,259.15266
United Arab Emirates,2011,99.137
Other Middle East,2011,103.992283
Total Middle East,2011,909.4591150000002
Algeria,2011,51.224000000000004
Egypt,2011,149.56286705767351
Morocco,2011,25.3556
South Africa,2011,262.538
Eastern Africa,2011,78.33892649945444
Middle Africa,2011,23.041791000000003
Western Africa,2011,52.785993960000006
Other Northern Africa,2011,42.592895943548385
Other Southern Africa,2011,2.892014
Total Africa,2011,688.3320884606763
Australia,2011,256.30415
Bangladesh,2011,44.282615
China,2011,4713.019
China Hong Kong SAR,2011,39.07338888888889
India,2011,1034.011325
Indonesia,2011,183.41872999999998
Japan,2011,1104.183
Malaysia,2011,127.069
New Zealand,2011,44.6272992834937
Pakistan,2011,100.6214228828661
Philippines,2011,69.17564999999999
Singapore,2011,46.00433400754391
South Korea,2011,518.1678157583103
Sri Lanka,2011,11.599870000000001
Taiwan,2011,252.167014206
Thailand,2011,153.31550677399989
Vietnam,2011,101.499
Other Asia Pacific,2011,78.22066509261798
Total Asia Pacific,2011,8876.759786893721
Canada,2012,636.5491305887398
Mexico,2012,296.39583333333337
US,2012,4310.569202193057
Total North America,2012,5243.51416611513
Argentina,2012,136.03362497514996
Brazil,2012,552.498346209194
Chile,2012,69.74142329000001
Colombia,2012,67.71409307427427
Ecuador,2012,22.84795784014
Peru,2012,41.036
Trinidad & Tobago,2012,9.134227999999998
Venezuela,2012,127.85427
Central America,2012,46.58836124736289
Other Caribbean,2012,76.14871964650771
Other South America,2012,82.32232738002945
Total S. & Cent. America,2012,1231.919351662658
Austria,2012,72.72160329222058
Belgium,2012,83.04440000000028
Bulgaria,2012,47.293127
Croatia,2012,10.754956
Cyprus,2012,4.7170000000000005
Czech Republic,2012,87.418
Denmark,2012,30.701933333333336
Estonia,2012,11.966000000000001
Finland,2012,70.409766
France,2012,565.2336259974521
Germany,2012,629.0027187128857
Greece,2012,60.959086000000006
Hungary,2012,34.635
Iceland,2012,17.548908358000002
Ireland,2012,27.604832101848107
Italy,2012,299.27590000000004
Latvia,2012,6.167
Lithuania,2012,5.0424
Luxembourg,2012,3.816973
Netherlands,2012,102.505526
North Macedonia,2012,6.2620000000000005
Norway,2012,147.828
Poland,2012,162.139
Portugal,2012,46.613
Romania,2012,59.047000000000004
Slovakia,2012,28.664
Slovenia,2012,15.736
Spain,2012,297.55692891361343
Sweden,2012,166.302
Switzerland,2012,70.0224066985646
Turkey,2012,239.50105778714433
Ukraine,2012,198.8777
United Kingdom,2012,363.87299689914937
Other Europe,2012,79.34395845146953
Total Europe,2012,4052.584804545682
Azerbaijan,2012,22.9881
Belarus,2012,30.794
Kazakhstan,2012,90.61389420000002
Russian Federation,2012,1069.2893
Turkmenistan,2012,17.8
Uzbekistan,2012,52.9641
Other CIS,2012,45.959
Total CIS,2012,1330.4083942
Iran,2012,248.756
Iraq,2012,47.76809
Israel,2012,62.96549999999999
Kuwait,2012,61.119
Oman,2012,25.017303000000002
Qatar,2012,34.788000000000004
Saudi Arabia,2012,281.62719
United Arab Emirates,2012,106.22200000000001
Other Middle East,2012,105.51230000000001
Total Middle East,2012,973.775383
Algeria,2012,57.397
Egypt,2012,162.83109221244706
Morocco,2012,27.6585
South Africa,2012,257.919
Eastern Africa,2012,81.83165539182684
Middle Africa,2012,23.777311000000005
Western Africa,2012,55.37513777195468
Other Northern Africa,2012,52.433275294078655
Other Southern Africa,2012,3.4743129999999995
Total Africa,2012,722.6972846703073
Australia,2012,250.6716
Bangladesh,2012,48.724246
China,2012,4987.553
China Hong Kong SAR,2012,38.79666666666667
India,2012,1091.8378825
Indonesia,2012,200.34014
Japan,2012,1106.8799405099999
Malaysia,2012,134.077
New Zealand,2012,44.24731786828622
Pakistan,2012,99.46126082736107
Philippines,2012,72.922011
Singapore,2012,46.94423186765177
South Korea,2012,531.2018659366054
Sri Lanka,2012,11.897620000000002
Taiwan,2012,250.37342478500003
Thailand,2012,168.956182883
Vietnam,2012,115.147
Other Asia Pacific,2012,79.536463928191
Total Asia Pacific,2012,9279.567854772762
Canada,2013,655.6810144223218
Mexico,2013,297.11805555555554
US,2013,4330.2928875411
Total North America,2013,5283.091957518977
Argentina,2013,139.441423
Brazil,2013,570.8346534990893
Chile,2013,72.96767833000001
Colombia,2013,69.82108651902985
Ecuador,2013,23.260330036922998
Peru,2013,43.3302
Trinidad & Tobago,2013,9.507228
Venezuela,2013,132.62415
Central America,2013,48.053505322891496
Other Caribbean,2013,76.82428040732758
Other South America,2013,84.19596500895497
Total S. & Cent. America,2013,1270.860500124216
Austria,2013,68.43795323353139
Belgium,2013,83.4977000000003
Bulgaria,2013,43.815948
Croatia,2013,14.053265
Cyprus,2013,4.29
Czech Republic,2013,86.913
Denmark,2013,34.74216666666666
Estonia,2013,13.274000000000001
Finland,2013,71.258443
France,2013,575.3435718532021
Germany,2013,637.6673346455736
Greece,2013,57.152533000000005
Hungary,2013,30.294
Iceland,2013,18.116099021000004
Ireland,2013,26.146685585814524
Italy,2013,289.8032
Latvia,2013,6.2090000000000005
Lithuania,2013,4.7615
Luxembourg,2013,2.8891280000000004
Netherlands,2013,100.875336
North Macedonia,2013,6.0940710000000005
Norway,2013,134.074
Poland,2013,164.55700000000002
Portugal,2013,51.671630797000006
Romania,2013,58.888
Slovakia,2013,28.832
Slovenia,2013,16.103
Spain,2013,285.25762508808515
Sweden,2013,153.155
Switzerland,2013,70.40071717171718
Turkey,2013,240.1607346153846
Ukraine,2013,194.3773
United Kingdom,2013,358.2837378255861
Other Europe,2013,90.13936692656087
Total Europe,2013,4021.5350474301226
Azerbaijan,2013,23.354
Belarus,2013,31.495
Kazakhstan,2013,92.61572009999999
Russian Federation,2013,1059.0855
Turkmenistan,2013,18.900000000000002
Uzbekistan,2013,54.9
Other CIS,2013,43.3245
Total CIS,2013,1323.6747200999998
Iran,2013,258.85200000000003
Iraq,2013,62.108841999999996
Israel,2013,61.358900000000006
Kuwait,2013,60.9822
Oman,2013,26.240023
Qatar,2013,34.668
Saudi Arabia,2013,294.72806
United Arab Emirates,2013,109.99542398325816
Other Middle East,2013,99.47910000000002
Total Middle East,2013,1008.4125489832583
Algeria,2013,59.89
Egypt,2013,165.06383740632128
Morocco,2013,28.120700000000003
South Africa,2013,256.137
Eastern Africa,2013,86.95670019537842
Middle Africa,2013,28.380826999999996
Western Africa,2013,60.375140188
Other Northern Africa,2013,56.394008943548386
Other Southern Africa,2013,4.143899
Total Africa,2013,745.4621127332481
Australia,2013,249.5631
Bangladesh,2013,54.618582206000006
China,2013,5431.635
China Hong Kong SAR,2013,39.10333333333334
India,2013,1146.139132673821
Indonesia,2013,216.18856
Japan,2013,1087.75954653546
Malaysia,2013,140.98501000000002
New Zealand,2013,43.2526586273454
Pakistan,2013,100.96822065222878
Philippines,2013,75.265842
Singapore,2013,47.97585269799015
South Korea,2013,537.169275961
Sri Lanka,2013,12.029010000000001
Taiwan,2013,252.340814475
Thailand,2013,168.63366132727987
Vietnam,2013,124.45400000000001
Other Asia Pacific,2013,88.31445447108209
Total Asia Pacific,2013,9816.39605496054
Canada,2014,652.9525467218878
Mexico,2014,303.31583333333333
US,2014,4363.281415911234
Total North America,2014,5319.549795966455
Argentina,2014,138.55114649772347
Brazil,2014,590.542117779729
Chile,2014,71.61637700000001
Colombia,2014,72.74761912122442
Ecuador,2014,24.307213342674
Peru,2014,45.549800000000005
Trinidad & Tobago,2014,9.423228
Venezuela,2014,130.95536
Central America,2014,49.42446855871111
Other Caribbean,2014,75.95145138371711
Other South America,2014,80.90979933014326
Total S. & Cent. America,2014,1289.9785810139224
Austria,2014,65.64757548559074
Belgium,2014,72.54550000000025
Bulgaria,2014,47.489649
Croatia,2014,13.552842
Cyprus,2014,4.352
Czech Republic,2014,86.01349351019998
Denmark,2014,32.18255
Estonia,2014,12.43
Finland,2014,68.093524
France,2014,564.8249403541727
Germany,2014,626.5825169987324
Greece,2014,50.47329
Hungary,2014,29.403000000000002
Iceland,2014,18.122205182000002
Ireland,2014,26.318704845515853
Italy,2014,279.8285
Latvia,2014,5.141
Lithuania,2014,4.3969
Luxembourg,2014,2.9649810000000003
Netherlands,2014,103.417851
North Macedonia,2014,5.373693
Norway,2014,141.97
Poland,2014,159.058
Portugal,2014,52.80212783900001
Romania,2014,63.2847
Slovakia,2014,27.401
Slovenia,2014,17.437
Spain,2014,278.7501245269591
Sweden,2014,153.662
Switzerland,2014,71.95194524189263
Turkey,2014,251.96277500000002
Ukraine,2014,182.8154
United Kingdom,2014,338.09592394138895
Other Europe,2014,80.15001123631046
Total Europe,2014,3938.495724161763
Azerbaijan,2014,24.727700000000002
Belarus,2014,34.737
Kazakhstan,2014,94.64324290000002
Russian Federation,2014,1064.1965
Turkmenistan,2014,20.1
Uzbekistan,2014,55.4
Other CIS,2014,44.131
Total CIS,2014,1337.9354429000002
Iran,2014,275.628
Iraq,2014,71.172908
Israel,2014,61.3303
Kuwait,2014,65.14330000000001
Oman,2014,29.137095000000002
Qatar,2014,38.693
Saudi Arabia,2014,328.20245
United Arab Emirates,2014,116.54490253421261
Other Middle East,2014,97.1331
Total Middle East,2014,1082.9850555342125
Algeria,2014,64.241
Egypt,2014,171.23427891821441
Morocco,2014,29.2785
South Africa,2014,254.76500000000001
Eastern Africa,2014,93.5196483416654
Middle Africa,2014,31.342002000000004
Western Africa,2014,64.08873338493002
Other Northern Africa,2014,57.040008943548386
Other Southern Africa,2014,4.973816
Total Africa,2014,770.4829875883582
Australia,2014,247.64734399999998
Bangladesh,2014,57.64503267253309
China,2014,5794.457
China Hong Kong SAR,2014,39.85005555555556
India,2014,1262.2199682264786
Indonesia,2014,228.55565
Japan,2014,1062.7288196205511
Malaysia,2014,147.461
New Zealand,2014,43.988093453535306
Pakistan,2014,106.28820338823976
Philippines,2014,77.260997
Singapore,2014,49.336870008086805
South Korea,2014,540.3787987172649
Sri Lanka,2014,12.86748
Taiwan,2014,259.96393542
Thailand,2014,173.764180391
Vietnam,2014,141.25
Other Asia Pacific,2014,91.09287030731456
Total Asia Pacific,2014,10336.756298760562
Canada,2015,661.0880212762602
Mexico,2015,310.3497222222222
US,2015,4349.8660356814335
Total North America,2015,5321.303779179916
Argentina,2015,145.4215558511899
Brazil,2015,581.2279551684527
Chile,2015,74.53855406
Colombia,2015,75.02279787547572
Ecuador,2015,25.950192130099996
Peru,2015,48.27
Trinidad & Tobago,2015,9.570255
Venezuela,2015,126.29997
Central America,2015,52.16656462645928
Other Caribbean,2015,77.84134147952213
Other South America,2015,82.72848574753529
Total S. & Cent. America,2015,1299.0376719387348
Austria,2015,65.51279178344762
Belgium,2015,69.70840000000025
Bulgaria,2015,49.223898999999996
Croatia,2015,11.402376
Cyprus,2015,4.534590000000001
Czech Republic,2015,83.89375837130005
Denmark,2015,28.934333333333335
Estonia,2015,10.417
Finland,2015,68.598087
France,2015,571.6495321836126
Germany,2015,647.005070871846
Greece,2015,51.874401
Hungary,2015,30.36
Iceland,2015,18.798570390000002
Ireland,2015,28.3886370771675
Italy,2015,282.994
Latvia,2015,5.533
Lithuania,2015,4.9329
Luxembourg,2015,2.76608
Netherlands,2015,110.213427
North Macedonia,2015,5.6461440000000005
Norway,2015,144.547
Poland,2015,164.94400000000002
Portugal,2015,52.420866448000005
Romania,2015,66.296
Slovakia,2015,26.903000000000002
Slovenia,2015,15.1
Spain,2015,281.01976436102154
Sweden,2015,162.058
Switzerland,2015,67.86974322169058
Turkey,2015,261.78335721700006
Ukraine,2015,163.6823
United Kingdom,2015,338.8753286570099
Other Europe,2015,85.24038737480063
Total Europe,2015,3983.126745290229
Azerbaijan,2015,24.6876
Belarus,2015,34.232
Kazakhstan,2015,91.6451167
Russian Federation,2015,1067.5432990000002
Turkmenistan,2015,21.5
Uzbekistan,2015,57.28
Other CIS,2015,43.998900000000006
Total CIS,2015,1340.8869157000001
Iran,2015,280.238
Iraq,2015,75.32353499999999
Israel,2015,64.3307
Kuwait,2015,68.29310000000001
Oman,2015,32.75802
Qatar,2015,41.499300000000005
Saudi Arabia,2015,350.64064
United Arab Emirates,2015,127.38302282737672
Other Middle East,2015,93.93895
Total Middle East,2015,1134.4052678273767
Algeria,2015,68.798
Egypt,2015,181.83642717497554
Morocco,2015,30.3209786833581
South Africa,2015,250.39000000000001
Eastern Africa,2015,98.59429787191382
Middle Africa,2015,33.795764
Western Africa,2015,64.386623125
Other Northern Africa,2015,57.30800894354839
Other Southern Africa,2015,5.017283905376971
Total Africa,2015,790.447383704173
Australia,2015,253.98442211296398
Bangladesh,2015,62.0856560396
China,2015,5814.573
China Hong Kong SAR,2015,37.98561111111111
India,2015,1322.097471706519
Indonesia,2015,233.98198
Japan,2015,1030.1143104329549
Malaysia,2015,150.123
New Zealand,2015,44.689745282098535
Pakistan,2015,110.52784707439622
Philippines,2015,82.413213
Singapore,2015,50.32025702869356
South Korea,2015,547.8018026731601
Sri Lanka,2015,13.2255
Taiwan,2015,258.14188767400003
Thailand,2015,177.83192826699997
Vietnam,2015,161.92829
Other Asia Pacific,2015,93.5670009877602
Total Asia Pacific,2015,10445.392923390262
Canada,2016,668.1542397115468
Mexico,2016,320.34472222222223
US,2016,4348.877284036975
Total North America,2016,5337.376245970743
Argentina,2016,147.19282085720954
Brazil,2016,578.8983088667026
Chile,2016,77.74804821803589
Colombia,2016,74.44603435493727
Ecuador,2016,27.313862000571
Peru,2016,51.7
Trinidad & Tobago,2016,9.419255
Venezuela,2016,116.16088
Central America,2016,53.772630615869886
Other Caribbean,2016,78.66902253990028
Other South America,2016,91.2589896460106
Total S. & Cent. America,2016,1306.5798520992369
Austria,2016,68.51315707715189
Belgium,2016,85.6097000000003
Bulgaria,2016,45.279416
Croatia,2016,12.819812
Cyprus,2016,4.88801
Czech Republic,2016,83.30563248200002
Denmark,2016,30.535544444444444
Estonia,2016,12.17
Finland,2016,68.757176
France,2016,556.2126159653773
Germany,2016,649.1710795451265
Greece,2016,54.437934999999996
Hungary,2016,31.902
Iceland,2016,18.548768464000005
Ireland,2016,30.511528
Italy,2016,289.76820000000004
Latvia,2016,6.425
Lithuania,2016,4.2657
Luxembourg,2016,2.19758
Netherlands,2016,115.158408
North Macedonia,2016,5.629506
Norway,2016,149.086
Poland,2016,166.63400000000001
Portugal,2016,60.278
Romania,2016,65.103
Slovakia,2016,27.064
Slovenia,2016,16.5
Spain,2016,274.63007297833207
Sweden,2016,156.131
Switzerland,2016,63.31492929292929
Turkey,2016,274.40770000000003
Ukraine,2016,164.5729
United Kingdom,2016,339.164262
Other Europe,2016,88.98276116964381
Total Europe,2016,4021.9753944190065
Azerbaijan,2016,24.952900000000003
Belarus,2016,33.572
Kazakhstan,2016,94.642384
Russian Federation,2016,1090.9702240000001
Turkmenistan,2016,22.6
Uzbekistan,2016,59.1
Other CIS,2016,43.4841
Total CIS,2016,1369.3216080000002
Iran,2016,286.14300000000003
Iraq,2016,86.31705099999999
Israel,2016,67.3643
Kuwait,2016,70.133814
Oman,2016,34.2277
Qatar,2016,42.307
Saudi Arabia,2016,357.65966000000003
United Arab Emirates,2016,129.61298617812653
Other Middle East,2016,93.01149999999998
Total Middle East,2016,1166.7770111781267
Algeria,2016,70.997
Egypt,2016,188.19109872922775
Morocco,2016,30.716
South Africa,2016,253.07500000000002
Eastern Africa,2016,97.06538362380337
Middle Africa,2016,34.362644
Western Africa,2016,69.149019588
Other Northern Africa,2016,51.37127529407866
Other Southern Africa,2016,4.67841860901107
Total Africa,2016,799.6058398441211
Australia,2016,258.21868620308385
Bangladesh,2016,70.193312837017
China,2016,6133.16
China Hong Kong SAR,2016,38.224444444444444
India,2016,1401.7417647481323
Indonesia,2016,247.91780000000003
Japan,2016,1063.6942197616236
Malaysia,2016,156.665
New Zealand,2016,44.16326321538401
Pakistan,2016,115.64137771199722
Philippines,2016,90.797891
Singapore,2016,51.5866
South Korea,2016,560.984590091265
Sri Lanka,2016,14.36132
Taiwan,2016,264.107656962
Thailand,2016,179.82851922599994
Vietnam,2016,179.16729
Other Asia Pacific,2016,112.16945769982763
Total Asia Pacific,2016,10982.623193900778
Canada,2017,669.6085119774999
Mexico,2017,329.08527777777783
US,2017,4303.798903898064
Total North America,2017,5302.492693653342
Argentina,2017,145.618454
Brazil,2017,589.3273274006099
Chile,2017,78.60557877760033
Colombia,2017,74.97684938878174
Ecuador,2017,28.032
Peru,2017,52.742576
Trinidad & Tobago,2017,9.323860999999999
Venezuela,2017,110.34358
Central America,2017,54.46134314135378
Other Caribbean,2017,74.43090901414409
Other South America,2017,87.89713866270657
Total S. & Cent. America,2017,1305.7596173851962
Austria,2017,71.3244147675548
Belgium,2017,86.6188000000003
Bulgaria,2017,45.612791
Croatia,2017,11.9835
Cyprus,2017,5.00437
Czech Republic,2017,87.04128794699996
Denmark,2017,31.02254722222222
Estonia,2017,13.16
Finland,2017,67.524666
France,2017,553.9768474274082
Germany,2017,652.3327941534621
Greece,2017,55.266089
Hungary,2017,32.915
Iceland,2017,19.238533145
Ireland,2017,30.874200000000002
Italy,2017,295.83
Latvia,2017,7.531189
Lithuania,2017,4.1872
Luxembourg,2017,2.235141
Netherlands,2017,117.167739
North Macedonia,2017,5.6002160000000005
Norway,2017,149.616
Poland,2017,170.465
Portugal,2017,59.433
Romania,2017,64.296
Slovakia,2017,27.738
Slovenia,2017,16.326225
Spain,2017,275.63169507000003
Sweden,2017,164.25
Switzerland,2017,63.29962679425838
Turkey,2017,297.27750000000003
Ukraine,2017,156.0323
United Kingdom,2017,338.19732600000003
Other Europe,2017,82.92902110245063
Total Europe,2017,4061.9390196293566
Azerbaijan,2017,24.3209
Belarus,2017,34.522
Kazakhstan,2017,103.1279558
Russian Federation,2017,1091.184
Turkmenistan,2017,22.8
Uzbekistan,2017,60.82
Other CIS,2017,46.27160000000001
Total CIS,2017,1383.0464557999999
Iran,2017,305.164
Iraq,2017,93.573771
Israel,2017,67.7115
Kuwait,2017,72.84121400000001
Oman,2017,36.126
Qatar,2017,45.555
Saudi Arabia,2017,394.99196
United Arab Emirates,2017,134.56869058801547
Other Middle East,2017,95.70963800000001
Total Middle East,2017,1246.2417735880158
Algeria,2017,76.017
Egypt,2017,193.2111642228739
Morocco,2017,31.630897
South Africa,2017,255.43200000000002
Eastern Africa,2017,103.4174942906089
Middle Africa,2017,35.577934221999996
Western Africa,2017,71.68180227299999
Other Northern Africa,2017,53.96814194354838
Other Southern Africa,2017,5.658612803982013
Total Africa,2017,826.595046756013
Australia,2017,258.96705940590533
Bangladesh,2017,73.65413602100003
China,2017,6604.447
China Hong Kong SAR,2017,36.98891622222222
India,2017,1471.3423259552312
Indonesia,2017,254.65998000000005
Japan,2017,1076.8767021500335
Malaysia,2017,160.63400000000001
New Zealand,2017,44.641071841740654
Pakistan,2017,127.08289987835482
Philippines,2017,94.370341
Singapore,2017,52.225300000000004
South Korea,2017,576.412126699943
Sri Lanka,2017,14.9837
Taiwan,2017,270.25640661799997
Thailand,2017,176.7381069660001
Vietnam,2017,194.716992
Other Asia Pacific,2017,122.914758475236
Total Asia Pacific,2017,11611.911823233666
Canada,2018,661.5159423295777
Mexico,2018,349.29888888888894
US,2018,4464.500817235857
Total North America,2018,5475.315648454323
Argentina,2018,146.773875484766
Brazil,2018,601.3964876564366
Chile,2018,82.29984532493667
Colombia,2018,78.2651745619921
Ecuador,2018,29.244
Peru,2018,54.9823
Trinidad & Tobago,2018,9.225641
Venezuela,2018,92.26341999999998
Central America,2018,56.38428836448729
Other Caribbean,2018,76.18884759873293
Other South America,2018,87.9221853037595
Total S. & Cent. America,2018,1314.946065295111
Austria,2018,68.61804859494885
Belgium,2018,75.03970000000027
Bulgaria,2018,46.837683
Croatia,2018,13.6317
Cyprus,2018,5.0488800000000005
Czech Republic,2018,88.00237999999999
Denmark,2018,30.370174
Estonia,2018,12.364
Finland,2018,70.263128
France,2018,573.8864947576087
Germany,2018,641.4249672063452
Greece,2018,53.26278500000001
Hungary,2018,32.067
Iceland,2018,19.828868
Ireland,2018,31.134985
Italy,2018,289.70840000000004
Latvia,2018,6.724875
Lithuania,2018,3.5111
Luxembourg,2018,2.199688
Netherlands,2018,114.37971300000001
North Macedonia,2018,5.60717
Norway,2018,147.082
Poland,2018,170.03900000000002
Portugal,2018,59.640010000000004
Romania,2018,64.785911
Slovakia,2018,26.971
Slovenia,2018,16.326935
Spain,2018,274.452
Sweden,2018,163.38400000000001
Switzerland,2018,67.619748
Turkey,2018,304.80190000000005
Ukraine,2018,159.8528
United Kingdom,2018,333.7163
Other Europe,2018,92.4625656066053
Total Europe,2018,4065.0459091655093
Azerbaijan,2018,25.229200000000002
Belarus,2018,38.927
Kazakhstan,2018,107.26880779999999
Russian Federation,2018,1109.1977900000002
Turkmenistan,2018,24.2
Uzbekistan,2018,62.8966
Other CIS,2018,48.6376
Total CIS,2018,1416.3569978000003
Iran,2018,312.35
Iraq,2018,99.00342900000001
Israel,2018,69.2799
Kuwait,2018,74.15817400000002
Oman,2018,37.714
Qatar,2018,47.913000000000004
Saudi Arabia,2018,374.78261000000003
United Arab Emirates,2018,136.01427821046096
Other Middle East,2018,103.4419062
Total Middle East,2018,1254.657297410461
Algeria,2018,76.663
Egypt,2018,199.39878038449007
Morocco,2018,34.441907
South Africa,2018,256.336
Eastern Africa,2018,108.59592571885378
Middle Africa,2018,39.628963
Western Africa,2018,74.31372320599999
Other Northern Africa,2018,55.279005943548384
Other Southern Africa,2018,5.045995
Total Africa,2018,849.7033002528921
Australia,2018,262.632006
Bangladesh,2018,79.70264723000001
China,2018,7166.133
China Hong Kong SAR,2018,36.53371244444444
India,2018,1579.1912197633326
Indonesia,2018,283.77097000000003
Japan,2018,1082.912307090174
Malaysia,2018,170.578
New Zealand,2018,44.6926289427223
Pakistan,2018,137.05018460390758
Philippines,2018,101.00341831004577
Singapore,2018,52.9046
South Korea,2018,592.90462860374
Sri Lanka,2018,16.2166
Taiwan,2018,275.53915899000003
Thailand,2018,177.758562701
Vietnam,2018,217.184
Other Asia Pacific,2018,130.60116573464586
Total Asia Pacific,2018,12407.308810414002
Canada,2019,656.0228780706899
Mexico,2019,344.57972222222224
US,2019,4414.082648773644
Total North America,2019,5414.685249066557
Argentina,2019,139.52992245267882
Brazil,2019,633.3176363914718
Chile,2019,83.6185178354616
Colombia,2019,80.39115705823686
Ecuador,2019,32.284
Peru,2019,57.0385
Trinidad & Tobago,2019,9.188740999999998
Venezuela,2019,78.11817000000002
Central America,2019,59.32330917635862
Other Caribbean,2019,79.51729965563905
Other South America,2019,80.06725334090372
Total S. & Cent. America,2019,1332.3945069107504
Austria,2019,74.23430241180002
Belgium,2019,93.64580000000032
Bulgaria,2019,44.276591
Croatia,2019,12.760299999999999
Cyprus,2019,5.141491
Czech Republic,2019,86.99123651599999
Denmark,2019,29.516955000000003
Estonia,2019,7.615
Finland,2019,68.650852
France,2019,562.734403167793
Germany,2019,608.217346711884
Greece,2019,48.625991000000006
Hungary,2019,34.291000000000004
Iceland,2019,19.48883512
Ireland,2019,30.955543000000002
Italy,2019,293.8532
Latvia,2019,6.438385
Lithuania,2019,3.9716
Luxembourg,2019,1.908422
Netherlands,2019,121.411247
North Macedonia,2019,5.869769775000001
Norway,2019,134.89000000000001
Poland,2019,163.98850099999999
Portugal,2019,53.155
Romania,2019,59.512508000000004
Slovakia,2019,28.434
Slovenia,2019,16.099564
Spain,2019,267.50080554
Sweden,2019,168.423
Switzerland,2019,71.918723
Turkey,2019,303.89756042480025
Ukraine,2019,154.141
United Kingdom,2019,327.0914
Other Europe,2019,87.55480674765278
Total Europe,2019,3997.20513941493
Azerbaijan,2019,26.0729
Belarus,2019,40.451
Kazakhstan,2019,106.483161
Russian Federation,2019,1118.14323
Turkmenistan,2019,22.5
Uzbekistan,2019,63.5316
Other CIS,2019,49.1698
Total CIS,2019,1426.351691
Iran,2019,318.885
Iraq,2019,115.211044
Israel,2019,72.37710000000001
Kuwait,2019,75.13318000000001
Oman,2019,38.834
Qatar,2019,49.873
Saudi Arabia,2019,378.53632240919995
United Arab Emirates,2019,138.45405785644084
Other Middle East,2019,108.58776622274326
Total Middle East,2019,1295.8914704883841
Algeria,2019,81.527
Egypt,2019,200.56296643857934
Morocco,2019,40.148075
South Africa,2019,252.578
Eastern Africa,2019,110.65813002427421
Middle Africa,2019,42.01161789999999
Western Africa,2019,80.42921331324179
Other Northern Africa,2019,56.80917794354838
Other Southern Africa,2019,4.483491
Total Africa,2019,869.2076716196436
Australia,2019,265.90019900000004
Bangladesh,2019,84.63663740200002
China,2019,7503.428
China Hong Kong SAR,2019,36.886604999999996
India,2019,1622.0998125095725
Indonesia,2019,295.44928000000004
Japan,2019,1047.3889682059728
Malaysia,2019,178.493
New Zealand,2019,45.141699590970454
Pakistan,2019,136.75099850511143
Philippines,2019,107.52464481088093
Singapore,2019,54.1423
South Korea,2019,586.806003805959
Sri Lanka,2019,16.8413
Taiwan,2019,274.192483345
Thailand,2019,186.503021613
Vietnam,2019,236.88600000000002
Other Asia Pacific,2019,132.5284059622507
Total Asia Pacific,2019,12811.599359750715
Canada,2020,653.9012151453413
Mexico,2020,325.7266666666667
US,2020,4287.613828814803
Total North America,2020,5267.241710626811
Argentina,2020,144.6427873384152
Brazil,2020,628.7637168445165
Chile,2020,83.71428528443153
Colombia,2020,79.3542233213873
Ecuador,2020,31.247989999999998
Peru,2020,52.803000000000004
Trinidad & Tobago,2020,9.225641
Venezuela,2020,81.61607029277376
Central America,2020,57.19805829259113
Other Caribbean,2020,78.6695867665333
Other South America,2020,74.35350040655187
Total S. & Cent. America,2020,1321.5888595472006
Austria,2020,72.5563125052
Belgium,2020,89.45540000000037
Bulgaria,2020,40.754441
Croatia,2020,13.385299999999999
Cyprus,2020,4.849201
Czech Republic,2020,81.44589034299999
Denmark,2020,28.728658
Estonia,2020,6.079
Finland,2020,69.267072
France,2020,524.3396730495612
Germany,2020,574.6651642213511
Greece,2020,48.251884
Hungary,2020,34.93
Iceland,2020,19.12730167900001
Ireland,2020,32.267022000000004
Italy,2020,280.531
Latvia,2020,5.724845999999999
Lithuania,2020,5.5175
Luxembourg,2020,2.234264
Netherlands,2020,123.27813
North Macedonia,2020,5.347098196999999
Norway,2020,155.196
Poland,2020,158.042741
Portugal,2020,53.079
Romania,2020,55.811935999999996
Slovakia,2020,28.838
Slovenia,2020,17.190698
Spain,2020,263.3729547542341
Sweden,2020,163.817
Switzerland,2020,70.18987
Turkey,2020,306.7030924444176
Ukraine,2020,147.8014
United Kingdom,2020,314.6616
Other Europe,2020,86.73188252187303
Total Europe,2020,3884.1713327156376
Azerbaijan,2020,25.8391
Belarus,2020,38.685
Kazakhstan,2020,108.6284069
Russian Federation,2020,1085.41873
Turkmenistan,2020,25.7625
Uzbekistan,2020,66.5007
Other CIS,2020,49.1437778
Total CIS,2020,1399.9782147000003
Iran,2020,337.219
Iraq,2020,116.79408063013699
Israel,2020,72.7603
Kuwait,2020,74.81935035616439
Oman,2020,38.322
Qatar,2020,49.259
Saudi Arabia,2020,380.89397670899
United Arab Emirates,2020,137.31036462050002
Other Middle East,2020,102.39965203327499
Total Middle East,2020,1309.7777243490664
Algeria,2020,79.15530000000001
Egypt,2020,198.61019257087
Morocco,2020,38.47200978475
South Africa,2020,239.459
Eastern Africa,2020,110.71324864097512
Middle Africa,2020,43.6463585
Western Africa,2020,85.91902921244612
Other Northern Africa,2020,51.158538168118824
Other Southern Africa,2020,4.919751
Total Africa,2020,852.0534278771601
Australia,2020,265.162088
Bangladesh,2020,84.70821113281794
China,2020,7779.060000000001
China Hong Kong SAR,2020,35.228590777777775
India,2020,1581.9472452233
Indonesia,2020,291.82997
Japan,2020,1011.0279065579521
Malaysia,2020,174.004
New Zealand,2020,44.5300173606541
Pakistan,2020,134.83038118814778
Philippines,2020,103.28206317308783
Singapore,2020,53.07158519867644
South Korea,2020,577.1119011619401
Sri Lanka,2020,16.916900000000002
Taiwan,2020,279.999550101
Thailand,2020,176.4838498549999
Vietnam,2020,244.005
Other Asia Pacific,2020,144.52576279205311
Total Asia Pacific,2020,12997.725022522407
Canada,2021,649.9349570105127
Mexico,2021,330.0166666666667
US,2021,4400.900615259557
Total North America,2021,5380.852238936735
Argentina,2021,153.15191769
Brazil,2021,656.1091479762607
Chile,2021,87.37844249757184
Colombia,2021,86.01253
Ecuador,2021,32.20688
Peru,2021,57.4832
Trinidad & Tobago,2021,9.262341
Venezuela,2021,83.87472137432913
Central America,2021,61.61152419202855
Other Caribbean,2021,80.04780568518933
Other South America,2021,72.12635699425054
Total S. & Cent. America,2021,1379.26486740963
Austria,2021,70.75229382660001
Belgium,2021,100.46540000000034
Bulgaria,2021,47.568096
Croatia,2021,15.2104
Cyprus,2021,5.119423
Czech Republic,2021,84.90795080199997
Denmark,2021,33.050769
Estonia,2021,7.082
Finland,2021,72.120231
France,2021,547.2424809978849
Germany,2021,587.0864308811351
Greece,2021,54.715129000000005
Hungary,2021,36.1203
Iceland,2021,19.614
Ireland,2021,31.861567
Italy,2021,289.0695
Latvia,2021,5.846221
Lithuania,2021,5.078600000000001
Luxembourg,2021,2.210988
Netherlands,2021,122.093114
North Macedonia,2021,5.531507894000001
Norway,2021,157.922
Poland,2021,179.631509
Portugal,2021,50.981
Romania,2021,59.333898000000005
Slovakia,2021,30.016000000000002
Slovenia,2021,15.876922
Spain,2021,274.312
Sweden,2021,171.779
Switzerland,2021,64.739271
Turkey,2021,334.7231119286995
Ukraine,2021,155.46619936542785
United Kingdom,2021,308.9115
Other Europe,2021,94.83191462242043
Total Europe,2021,4041.2707283181676
Azerbaijan,2021,27.8878
Belarus,2021,41.24
Kazakhstan,2021,115.07921110000001
Russian Federation,2021,1157.08583
Turkmenistan,2021,28.400000000000002
Uzbekistan,2021,71.36460000000001
Other CIS,2021,50.1503441
Total CIS,2021,1491.2077852
Iran,2021,356.41200000000003
Iraq,2021,118.052773
Israel,2021,73.78810000000001
Kuwait,2021,80.781
Oman,2021,40.992274
Qatar,2021,51.641
Saudi Arabia,2021,392.94357328650057
United Arab Emirates,2021,149.052872
Other Middle East,2021,98.23524882415006
Total Middle East,2021,1361.8988411106507
Algeria,2021,85.39
Egypt,2021,209.65550048875855
Morocco,2021,41.024721042029995
South Africa,2021,244.322
Eastern Africa,2021,117.07368212045519
Middle Africa,2021,44.844162000000004
Western Africa,2021,91.1319303345351
Other Northern Africa,2021,53.003493943548385
Other Southern Africa,2021,4.697090000000001
Total Africa,2021,891.142579929327
Australia,2021,267.452257
Bangladesh,2021,94.92332109855192
China,2021,8534.248
China Hong Kong SAR,2021,37.20980133333334
India,2021,1695.4957914909699
Indonesia,2021,309.076
Japan,2021,1034.661717976038
Malaysia,2021,175.22682550317685
New Zealand,2021,44.61100876188183
Pakistan,2021,147.71070854747518
Philippines,2021,107.769204
Singapore,2021,55.78828579334227
South Korea,2021,607.767902722756
Sri Lanka,2021,17.9477
Taiwan,2021,291.03322640701
Thailand,2021,176.36048042399992
Vietnam,2021,253.616
Other Asia Pacific,2021,151.9619708459214
Total Asia Pacific,2021,14002.86020190446
Canada,2022,658.9397316426131
Mexico,2022,340.14722222222224
US,2022,4537.730580054192
Total North America,2022,5536.817533919027
Argentina,2022,145.61899534600002
Brazil,2022,677.1730373625339
Chile,2022,88.04003800399886
Colombia,2022,89.4685839371455
Ecuador,2022,33.008300000000006
Peru,2022,59.7352319380407
Trinidad & Tobago,2022,9.788362671870845
Venezuela,2022,87.64913
Central America,2022,63.03819772059915
Other Caribbean,2022,79.25946932577952
Other South America,2022,74.95836225015194
Total S. & Cent. America,2022,1407.7377085561204
Austria,2022,68.49625244260001
Belgium,2022,95.94430000000035
Bulgaria,2022,50.499303999999995
Croatia,2022,14.2205
Cyprus,2022,5.267931
Czech Republic,2022,84.50312618599999
Denmark,2022,35.129468
Estonia,2022,8.91
Finland,2022,72.21979300000001
France,2022,466.51176471269304
Germany,2022,577.8527817889199
Greece,2022,52.615930999999996
Hungary,2022,35.7704
Iceland,2022,20.122304782
Ireland,2022,33.855763
Italy,2022,283.95300000000003
Latvia,2022,4.997085
Lithuania,2022,4.783
Luxembourg,2022,2.2380590000000002
Netherlands,2022,121.809934
North Macedonia,2022,5.933457771
Norway,2022,146.731
Poland,2022,179.74812100000003
Portugal,2022,48.808
Romania,2022,55.900161000000004
Slovakia,2022,26.838
Slovenia,2022,13.615501
Spain,2022,292.454
Sweden,2022,173.142
Switzerland,2022,64.095142
Turkey,2022,328.3793415166019
Ukraine,2022,112.7129945399352
United Kingdom,2022,322.00699999999995
Other Europe,2022,89.32278458263
Total Europe,2022,3899.3882013223806
Azerbaijan,2022,29.0398
Belarus,2022,39.71749598715891
Kazakhstan,2022,113.4531695
Russian Federation,2022,1166.93525
Turkmenistan,2022,32.6
Uzbekistan,2022,74.2693
Other CIS,2022,49.7866
Total CIS,2022,1505.8016154871589
Iran,2022,367.07300000000004
Iraq,2022,131.35390913884993
Israel,2022,75.96430000000001
Kuwait,2022,83.544
Oman,2022,41.698039
Qatar,2022,50.018
Saudi Arabia,2022,401.2616020916355
United Arab Emirates,2022,153.32819892665353
Other Middle East,2022,87.96758950221545
Total Middle East,2022,1392.2086386593546
Algeria,2022,91.23100000000001
Egypt,2022,216.7106129032258
Morocco,2022,41.155944037375484
South Africa,2022,234.78900000000002
Eastern Africa,2022,123.77034515680104
Middle Africa,2022,44.423306309237205
Western Africa,2022,92.44703859119105
Other Northern Africa,2022,52.72078811566928
Other Southern Africa,2022,5.494589
Total Africa,2022,902.7426241135001
Australia,2022,272.921745
Bangladesh,2022,99.620882063
China,2022,8848.712
China Hong Kong SAR,2022,36.437223807255755
India,2022,1829.287159735247
Indonesia,2022,333.53700000000003
Japan,2022,1040.5639211540995
Malaysia,2022,183.64008527296744
New Zealand,2022,44.69127948169041
Pakistan,2022,146.56079690337523
Philippines,2022,113.28463400000001
Singapore,2022,57.11366419126598
South Korea,2022,624.6001130000001
Sri Lanka,2022,17.466172277186082
Taiwan,2022,288.18573148400003
Thailand,2022,180.36608822999997
Vietnam,2022,265.11
Other Asia Pacific,2022,161.285930077774
Total Asia Pacific,2022,14543.384426677854
Canada,2023,633.1751655254907
Mexico,2023,354.86219988278515
US,2023,4493.957741664866
Total North America,2023,5481.995107073141
Argentina,2023,146.4319638421614
Brazil,2023,709.992
Chile,2023,88.23261272309443
Colombia,2023,93.85085916608519
Ecuador,2023,35.36203
Peru,2023,62.07101763347429
Trinidad & Tobago,2023,9.715639696686575
Venezuela,2023,85.7624203953527
Central America,2023,65.25383596337016
Other Caribbean,2023,84.53228756758686
Other South America,2023,83.30924820874938
Total S. & Cent. America,2023,1464.513915196561
Austria,2023,72.60257036011029
Belgium,2023,81.86402571462197
Bulgaria,2023,39.888332552894106
Croatia,2023,17.3276970280308
Cyprus,2023,5.370232996672517
Czech Republic,2023,76.107340322
Denmark,2023,33.58335416889454
Estonia,2023,6.985577736817478
Finland,2023,81.30835526897403
France,2023,519.7045073765378
Germany,2023,513.6852727217406
Greece,2023,49.77319155463418
Hungary,2023,34.895296
Iceland,2023,20.24076834579373
Ireland,2023,31.114910862574817
Italy,2023,265.345886493694
Latvia,2023,6.152568396329089
Lithuania,2023,5.433409300424502
Luxembourg,2023,2.3421875341777367
Netherlands,2023,122.337
North Macedonia,2023,6.949667209828994
Norway,2023,154.80678255047792
Poland,2023,167.0279585387933
Portugal,2023,49.16293056916495
Romania,2023,58.17796214965932
Slovakia,2023,30.26826910306516
Slovenia,2023,15.903518040244697
Spain,2023,282.0236126844555
Sweden,2023,166.49134631966655
Switzerland,2023,73.61274002437789
Turkey,2023,328.0478222079346
Ukraine,2023,103.38751003719938
United Kingdom,2023,285.6056
Other Europe,2023,97.59863220454723
Total Europe,2023,3805.1268363743375
Azerbaijan,2023,29.302500000000002
Belarus,2023,41.81668906602824
Kazakhstan,2023,112.98219200933887
Russian Federation,2023,1178.24898
Turkmenistan,2023,33.480199999999996
Uzbekistan,2023,78.0
Other CIS,2023,51.005604597196296
Total CIS,2023,1524.8361656725633
Iran,2023,382.872
Iraq,2023,139.35200802946554
Israel,2023,77.1768104367711
Kuwait,2023,88.279865
Oman,2023,44.34630000000001
Qatar,2023,54.351
Saudi Arabia,2023,422.86537134941636
United Arab Emirates,2023,165.04321513154625
Other Middle East,2023,89.10225969030299
Total Middle East,2023,1463.3888296375023
Algeria,2023,85.90980639821029
Egypt,2023,220.1456893450988
Morocco,2023,42.20601341024201
South Africa,2023,224.4
Eastern Africa,2023,127.91190699581531
Middle Africa,2023,45.300987297846014
Western Africa,2023,98.96196828507468
Other Northern Africa,2023,52.024244761134966
Other Southern Africa,2023,6.065936618570465
Total Africa,2023,902.9265531119925
Australia,2023,273.105504
Bangladesh,2023,99.8865392198615
China,2023,9456.44
China Hong Kong SAR,2023,37.88664439152015
India,2023,1958.2428072272805
Indonesia,2023,350.609
Japan,2023,1013.2592229489337
Malaysia,2023,187.79301806427497
New Zealand,2023,44.61830942082104
Pakistan,2023,136.7478282555415
Philippines,2023,118.96085835953707
Singapore,2023,57.387734683760264
South Korea,2023,617.9233913990076
Sri Lanka,2023,16.89906647250636
Taiwan,2023,282.136057003
Thailand,2023,190.48959895785
Vietnam,2023,276.43800000000005
Other Asia Pacific,2023,163.14119274146327
Total Asia Pacific,2023,15281.964773145357
