Country,Year,Annual COâ‚‚ emissions,Exports of goods and services (% of GDP),Final consumption expenditure (% of GDP),"Foreign direct investment, net inflows (% of GDP)",GDP per capita (current US$),Imports of goods and services (% of GDP),Population density (people per sq. km of land area),Urban population (% of total population),Adjusted savings: carbon dioxide damage (% of GDP),Adjusted savings: carbon dioxide damage (% of total population),Exports per capita (current US$),Imports per capita (current US$),"Foreign direct investment, net inflows per capita (BoP, current US$)",Log GDP,Cluster
Afghanistan,2020,11605929.0,10.4208171386207,114.41256679301,0.0649939571808755,512.055098005672,36.2890774127896,59.7522806371985,26.026,1.1640686399364564,5.960672815079917,53.36032541215578,185.8200709114141,0.3328048711402965,6.238432232541941,0
Albania,2020,4711145.0,22.6577896143959,92.4954518919607,7.05509220945392,5343.0377039956,37.1719398177669,103.571131386861,62.112,1.2822462855748524,68.51090249634741,1210.614241989172,1986.1107597698365,376.9562368027792,8.583549628641762,3
Algeria,2020,168177860.0,15.5352011116191,66.3699966567991,0.693816014772842,3794.40952448639,24.8545554509197,18.2436570559099,73.733,4.228558424356945,160.44882360227106,589.4691506273914,943.08361929845,26.32622094695264,8.241284084703166,3
Andorra,2020,381056.0,,,,37207.2219994994,,165.31914893617,87.916,0.6435389162876178,239.4429532363063,,,,10.52425816119004,2
Angola,2020,16532997.0,38.3145407409807,62.8225469500411,-3.84826398729864,1450.90511139418,27.6274881894828,26.8135766423358,66.825,2.0514903517134404,29.765178372768634,555.907630018093,400.8486382910282,-55.83465889165725,7.279942855428233,0
Antigua and Barbuda,2020,619216.0,41.9109250095166,,7.52795987912524,15224.8585890561,52.4347951642755,210.6,24.433,1.192185767061523,181.50859715397127,6380.879066064254,7983.123415222179,1146.1212462376975,9.63068480445983,1
Argentina,2020,165120860.0,16.6054144372484,82.5777141918946,1.26616924308721,8500.83793850534,13.5982843701675,16.580892611147,92.111,1.6550581921353316,140.69381470138077,1411.5993703276563,1155.9681167250426,107.63499538204344,9.047920018620248,1
Armenia,2020,6795358.0,29.7649869151934,90.2950007656219,0.463408850763634,4505.86774175695,39.7238206244142,98.5461187214612,63.313,1.875458321045828,84.50567149810023,1341.1709437498753,1789.902819308877,20.880589919005185,8.413135768976193,3
Australia,2020,399183900.0,23.9673727374511,73.9430353149605,1.19074395815641,51868.2475567823,20.1756728566692,3.33452695130798,86.241,1.195796557881911,620.2387189176696,12431.456224317924,10464.767943543726,617.6180239839974,10.856462081480364,2
Austria,2020,62175724.0,51.5849469422098,70.8956658860182,-2.85782199061955,48789.4978498872,48.123348236909,108.057004362579,58.748,0.5758936615556226,280.97562562231747,25168.03657923492,23479.13995334044,-1394.3169986669304,10.79527036068656,2
Azerbaijan,2020,36233150.0,35.6235558660257,77.1048015861534,1.18790387182911,4229.91064904503,36.3943117827554,122.124736829369,56.397,3.421592545143771,144.73030743396714,1506.8445831455306,1539.4468697454238,50.24727237491753,8.349936148660023,3
Bahrain,2020,37395950.0,72.9286071285918,59.26726541967,2.9498072550617,23433.1872362574,67.2894052902043,1882.12611464968,89.506,3.820231428918021,895.2019835967117,17089.497057237477,15768.052331817657,691.2338571873116,10.061908554527601,1
Bangladesh,2020,95454296.0,10.4427880616037,72.9223975478205,0.407859894539392,2233.76728192962,15.8286593146113,1286.17155258508,38.177,1.0599489742661117,23.676793392305065,233.26758304135723,353.5754129378921,9.110640880333609,7.711444803177731,3
Barbados,2020,1237213.0,29.2007644196858,94.0730433226772,5.48354288044231,17028.4137830299,35.5383643964042,652.774418604651,31.191,0.9105509041876828,155.0523756701984,4972.42699319185,6051.6197411406765,933.7603716515908,9.742638626807244,1
Belarus,2020,59055548.0,61.0121492642983,69.2000454178105,2.27009964534033,6542.8645398436,57.9217344260324,46.211212927382,79.483,3.89058415119763,254.555650821485,3991.942279210224,3789.740622623261,148.52954471408808,8.786130351590106,3
Belgium,2020,91228270.0,78.6679063837031,73.8635613520964,-5.20124249962676,45587.968308319,76.6671689807858,381.063540290621,98.079,0.6900359146078543,314.57335406744784,35863.10023102067,34951.00469784603,-2371.1407823686645,10.727399107799439,2
Belize,2020,584020.0,37.6291762647758,75.4738984600642,3.72133508787436,5185.1580697602,43.9962961819107,17.3135028496274,46.025,1.1320152729588329,58.69678127674294,1951.1322696773152,2281.277501871944,192.95710661173555,8.553555606170049,3
Benin,2020,5517598.0,19.8724704276524,79.4544490134111,1.10934414138145,1240.73315461172,24.9607629492202,112.12418410784,48.415,2.070648228098273,25.6912190813954,246.5643292362916,309.69646155501295,13.764000560862296,7.123457737596598,0
Bhutan,2020,1250269.0,28.0656367017591,76.628518953602,-0.113401542398139,3181.33974675871,43.7647190686249,20.2544834819088,42.316,1.6962696627471634,53.96410099318556,892.8632555739644,1392.3044027874605,-3.607688341749436,8.06505769106278,3
Bolivia,2020,18311650.0,20.2725897857053,89.1799535303907,-3.08351648267274,3068.81255516456,25.2306728309622,11.0183347179913,70.123,2.3488502425397524,72.08181114507309,622.1277806007324,774.282055589062,-94.62734096082978,8.029045975910078,3
Bosnia and Herzegovina,2020,20831812.0,34.1814921420484,92.6813270567318,2.38939048355651,6095.10423658487,47.9297731152414,64.81263671875,49.02,4.167824835561531,254.03326812574736,2083.397575677914,2921.369631732596,145.63584059180866,8.715241143751886,3
Botswana,2020,5550960.0,31.2902836724863,84.686501468863,0.212513314006456,5875.07043504191,46.3729291399852,4.49314841282445,70.877,1.9785102482007697,116.23887064631782,1838.326205082992,2724.442249766207,12.485306881721073,8.678473327883797,3
Brazil,2020,445208100.0,16.4535520107044,83.2791539262855,2.59263795330717,6923.6999117682,15.8485265356365,25.5076253807665,87.073,1.1974775582876118,82.90975264660358,1139.1945660478757,1097.3044177644233,179.50647168559732,8.842705575057662,3
Brunei,2020,11156890.0,57.3561114159878,49.1903178265428,4.7105756528403,27179.3528869398,52.9348922424642,83.8187855787476,78.25,2.4935023118293027,677.7177925760892,15589.019923977725,14387.361162900672,1280.3039796917358,10.210212878994183,2
Bulgaria,2020,36644240.0,56.1307982638743,77.7210417999306,5.10816174958716,10148.3423954435,54.1977954215794,63.8726510685335,75.686,2.178249111224266,221.05617803274296,5696.345597113606,5500.177850163866,518.3937444611815,9.22506566033953,1
Burkina Faso,2020,5377314.0,31.776865693981,80.0245298398356,-0.557279533588196,823.552410880968,28.9629129522965,78.6645687134503,30.607,1.2528466829201148,10.317849061830838,261.6991435251874,238.52476787999385,-4.589489034211801,6.7136271916495325,0
Burundi,2020,739052.0,4.54932000033401,106.228720000419,0.801085827236617,216.827417481114,22.2240099992609,475.865537383178,13.708,1.2399511169620416,2.6885539849370312,9.864173069676038,48.18774694214216,1.736973711004378,5.379101725965826,0
Cambodia,2020,19034220.0,62.3503696145816,74.889308293106,14.0094821027703,1577.91173991645,61.6403719766957,92.8895309313392,24.232,2.75537131302089,43.477327426446585,983.8338020297788,972.63066594845,221.0572628011064,7.363857568229706,0
Cameroon,2020,9715630.0,15.2357369814791,85.6067495047725,1.65595614712353,1539.13054519245,18.503094380908,56.040885532356,57.56,0.9770903281683854,15.038695694960724,234.49788166712565,284.7867774223421,25.4873268753702,7.338972954927921,0
Canada,2020,526581600.0,29.4736472349344,79.5248963533865,1.75897085668576,43537.839298904,31.6831237283418,4.24162135453439,81.562,1.3851923215313382,603.0828069290701,12832.18916867162,13794.147493718392,765.8179048984032,10.68138570790037,2
Cape Verde,2020,516623.97,25.2933707721998,98.8447893914034,3.71218491455204,3126.39985872259,53.1000838209903,144.575682382134,66.652,1.274746462143979,39.853671591540575,790.7719080882363,1660.120945561019,116.05774392407643,8.047637416659937,3
Central African Republic,2020,238160.0,15.1724799997493,100.877300004706,0.0746698927110639,435.469247800022,34.3485400014428,8.5765514141706,42.198,0.4708612760528482,2.05045605700892,66.07148452751701,149.57732877457244,0.3251644201219535,6.076424180251708,0
Chad,2020,2356446.0,26.7161490487759,94.742976181134,5.20459064505571,643.772215694009,42.0142110926852,13.2184728398983,23.52,0.914449549667444,5.886972127297997,171.9911446794184,270.4758176577375,33.505708513478254,6.467344961198433,0
Chile,2020,80178160.0,31.3303902428612,74.4638759760526,4.50610139661101,13162.5913519707,26.8524733201136,25.9576117773008,87.727,1.423956894019069,187.42962698794503,4123.891236645526,3534.4813310235145,593.1197127413516,9.485134096738808,1
China,2020,10905693000.0,18.5861391981183,55.3304457751266,1.72317554862906,10408.7195541075,16.1681565014309,150.305542803154,61.428,2.992262418915402,311.45620350785555,1934.5791050681669,1682.8980673031394,179.36051028175183,9.25039915251705,1
Colombia,2020,89731500.0,13.5222755593302,87.8828729126836,2.75889428953141,5308.16470717512,20.5332954086799,45.9041568273997,81.425,1.1639395133847965,61.78382646235758,717.7846588473345,1089.941140103557,146.446652985176,8.577001424958455,3
Comoros,2020,373728.0,5.67175210840519,110.584667866957,0.316385474955505,1519.58678065177,28.0581825073439,433.189682966147,29.38,1.1631550172831997,17.675149881123243,86.18719527066324,426.3684322727441,4.807751853326164,7.326193722046736,0
Costa Rica,2020,6770508.0,31.906497656809,80.1638362658678,3.37043523311192,12179.2566735195,28.2333885921707,100.33499804152,80.771,0.5252114280943091,63.96684790626329,3885.9742451532616,3438.616864272643,410.4939580554371,9.407489510954901,1
Croatia,2020,16881604.0,41.0941674924842,83.1263312116553,2.14960920253961,14383.8695000306,48.0426382684473,72.3316654753395,57.553,1.064022108007724,153.04755146730548,5910.931424242924,6910.390392905219,309.1969824539464,9.573862684091727,1
Cuba,2020,21277170.0,8.16847039360309,89.471252461533,,9499.57250428248,7.51454563407414,108.869922928709,77.194,0.8809549752222766,83.68695660132391,775.9697675311737,713.8497108762663,,9.15900207702691,1
Cyprus,2020,7014958.0,80.6824791142272,80.397332930796,-103.156733230233,28281.412109375,82.0487032705763,133.932575757576,66.821,1.1288859983109514,230.1233925107742,16447.122063455154,16725.626835646206,-21028.49840177692,10.249960051910108,2
Czech Republic,2020,91673770.0,69.9487715380852,67.0972517533754,3.46193600434273,22992.8793833348,63.1995482324718,138.575928842168,74.061,1.5030499840459828,345.5944699029254,16083.236669876344,14531.395895904769,795.9987698067632,10.042939854948859,1
Democratic Republic of the Congo,2020,4301513.0,28.6049515263296,76.679573323215,3.07507847506139,524.666686211495,29.8868058018726,40.9577045058556,45.638,0.2667809440052519,1.3997107383560994,150.08065126559825,156.80611361515048,16.133912333507556,6.262763177561134,0
Denmark,2020,28294042.0,55.1198016695417,71.01144825189,0.364765113170572,60836.5924121638,48.6360796351401,145.7851,88.116,0.3253156799485589,197.91097426316367,33533.009080092204,29588.533532885565,221.9106651613488,11.015946735800126,2
Djibouti,2020,463062.0,115.626523405724,90.5427741489479,4.96773973799916,2921.73870623293,107.211459897941,47.0300258843831,78.062,0.4938229156219527,14.428215265974597,3378.304889016508,3132.4387213555306,145.14437475003578,7.979934165393947,3
Dominica,2020,157552.0,,,4.52924732255775,7003.46989117043,,95.9933333333333,71.09,1.1666583941304336,81.70656936573735,,,317.2044725319745,8.85416100395805,3
Dominican Republic,2020,27015426.0,18.2956971595932,82.319225848459,3.12082025025819,7167.91497432809,25.9979593928743,231.420841135259,82.54,1.325868152725339,95.0371018590468,1311.4200163601995,1863.511624341571,223.6977420401205,8.877370092744025,3
East Timor,2020,646494.0,36.6662147455271,94.9521811329521,-32.9552316203759,1663.5596290755,48.0840963587117,87.4240080699395,31.32,1.7339145835317888,28.844703014287365,609.9643460167155,799.9076150292885,-548.2299289048958,7.416714940367943,0
Ecuador,2020,32909420.0,23.2835624071198,79.8372744672868,1.14233402070353,5450.43376119582,20.7057500327125,70.8189523272669,64.166,1.5707962347490032,85.61520829835243,1269.055146246758,1128.5531902917771,62.26215913005103,8.603450473700478,3
Egypt,2020,235357630.0,12.4727757370868,91.1858401326269,1.52462948997172,3571.5569065135,19.6534798296655,107.956335325732,42.783,2.811851064211028,100.4268608847024,445.47228327186286,701.9352162266573,54.45300984782655,8.1807568879732,3
El Salvador,2020,6594499.0,24.5267982788944,100.194332614133,1.55101998611343,3960.31389233069,41.9327086708139,303.703233590734,73.444,1.19774697401399,47.43453980684651,971.3381995829792,1660.666886920798,61.42525998287564,8.284078566847237,3
Equatorial Guinea,2020,6411490.0,40.8454498501516,89.2485203567817,-0.0916985922610923,6198.94251851904,37.0824347940291,56.9001426024955,73.1,2.107306728524431,130.6307327901136,2531.98595764142,2298.7188173491663,-5.684343024556264,8.732133994956724,3
Eritrea,2020,640911.0,,,,643.790042311239,,29.3774260253951,41.347,,10.881265078315984,,,-8.535072168033235,6.46737265169203,0
Estonia,2020,9198251.0,69.2110308635627,70.5979766739192,11.9958218393675,23565.1759437969,69.7644799852774,31.0999298245614,69.229,1.2611964947770582,297.2031729912126,16309.701195514102,16440.12245480556,2826.8365223513715,10.06752530564852,1
Eswatini,2020,1121184.0,44.916525846412,88.817202071795,0.974016254040139,3372.90461128068,41.9679793111403,68.6427325581395,24.171,1.024353651948402,34.550471562389774,1514.9915715007094,1415.5399094467732,32.85263914714324,8.123529554578951,3
Ethiopia,2020,15849882.0,7.12720094276697,79.1727439123585,2.22538575066647,918.652594077418,16.878912700715,103.840062771756,21.695,0.7849372092924223,7.210846035043741,65.47421634583897,155.05856937718147,20.443563926726707,6.822908024854733,0
Federated States of Micronesia,2020,146560.0,17.2913172043011,,,3318.28804881095,68.2255107526882,160.151428571429,22.933,2.113647702602944,70.13691910944061,573.7757122723137,2263.918969546679,,8.107204280969901,3
Fiji,2020,1003936.06,27.8295734109101,101.372972779207,5.40062182155247,4815.68912941764,44.5140023698151,50.3788724685276,57.247,1.3129222101415328,63.22625215149572,1340.185741512502,2143.655973191894,260.0771579814596,8.47963443536572,3
Finland,2020,37700000.0,35.7875633302246,75.4001461951453,-0.914938441590278,49169.7193388499,35.7111049496299,18.1928768835954,85.517,0.5897122159798488,289.9598415042039,17596.64444768459,17559.05007653515,-449.8726638531864,10.8030332524143,2
France,2020,280490020.0,27.3277355735877,78.0410745903931,0.731611886624969,39179.7442596057,29.4544212005012,123.404699419421,80.975,0.4302181943425645,168.55838830171007,10706.93690967296,11540.166899503422,286.64366615253914,10.575915164157314,2
Gabon,2020,5624687.0,47.5047621419628,55.15104630561,11.2083506530414,6680.08267035383,22.5552344452796,8.89732215624636,90.092,1.3605652591236077,90.88688409357084,3173.357383438063,1506.7083074368013,748.727089606307,8.806885642255583,3
Georgia,2020,10574905.0,36.9003241679889,94.4838223302336,3.47438669079388,4300.85701291207,55.9907600072305,65.1302704783232,59.453,2.542504478924013,109.34948218540713,1587.030179766238,2408.0825283537392,149.42840364669237,8.366569587151373,3
Germany,2020,648356860.0,43.4769796664248,72.2241188343376,4.54937644004137,46749.4762280016,37.6703792603996,238.017318755545,77.453,0.6678997893922591,312.2396532688072,20325.26027380834,17610.70499733859,2126.809657359445,10.752558330974962,2
Ghana,2020,19167768.0,31.5254204867115,85.3009907570383,2.67804119732377,2176.57621804239,35.0500782295317,141.431796706412,57.349,1.2156618743374064,26.45980724863633,686.1748049516257,762.8916671492378,58.28960781032685,7.6855083790065475,3
Greece,2020,55558176.0,32.0640853286839,93.280626482779,1.75278168577464,17617.2915057014,39.7762241360962,82.999216446858,79.715,1.1917648398513847,209.9566858990733,5648.823380991063,7007.493356017213,308.7926590414652,9.776636170631441,1
Grenada,2020,289456.0,,,13.5399655457294,8437.5367823125,,363.714705882353,36.537,1.105389653550862,93.26765860623064,,,1142.43957323336,9.040445694556468,1
Guatemala,2020,17164690.0,16.3445130546925,94.9465564944392,1.29237508091971,4609.89725752869,24.7985149483132,157.319270250093,51.836,1.0603270715188071,48.87998859077977,753.4652590646892,1143.186060510135,59.5771634123018,8.435960848872206,3
Guinea,2020,4499392.0,46.6744988629892,89.7414096663083,1.24384286835333,1073.65933900139,68.3628951141662,53.7406519615823,36.875,1.2271120099408763,13.175002694737955,501.12511597458274,733.9846078049728,13.354635118578331,6.978828035741994,0
Guinea-Bissau,2020,296784.0,23.2177401570215,78.8634626305608,1.38046681493534,754.27069401163,31.5847146887394,71.6866287339972,44.196,0.8977953823223697,6.771807461047322,175.12460981618273,238.2342466843476,10.412456625612998,6.625751314204566,0
Guyana,2020,3360588.0,,,23.6596931392162,6863.07434593017,,4.04979425958852,26.786,3.216384210777746,220.742839636436,,,1623.7823301633464,8.833910775711706,3
Haiti,2020,3238033.0,7.003361317675,104.408783956114,0.17231607778598,1283.14122785939,27.4538405884892,410.261284470247,57.088,0.95114960571102,12.204592729500147,89.86301640304451,352.2715472216996,2.211058636302169,7.157066434831569,0
Honduras,2020,9526111.0,35.8751401030378,96.5842208703269,1.0106822391556,2307.13093003215,52.1257162805914,90.4617302708017,58.359,1.6529765354739812,38.13633291609407,827.6864535095526,1202.6085228103248,23.317762543900304,7.743760009936619,3
Hungary,2020,47107424.0,78.6750786064887,70.8332884365717,106.498788550387,16131.9540355923,76.7475852870237,106.839239535393,71.942,1.156052143041074,186.4938003428655,12691.8275182649,12380.885181929629,17180.335617411078,9.688557306720188,1
Iceland,2020,3340566.0,33.3096450490364,80.029393247445,-4.06130543466877,59023.5663465778,34.665430576638,3.63446394922146,93.898,0.2814896646266386,166.14523895966306,19660.54044532761,20460.773415728763,-2397.1273077688907,10.985692072740102,2
India,2020,2421552000.0,18.6824769296784,72.7105811209233,2.40620322673673,1915.55158799947,19.0756283996041,469.659566660725,34.926,3.542667650347959,67.86162643378364,357.8724835040885,365.4035027294934,46.0920641202498,7.557760895649345,0
Indonesia,2020,608223200.0,17.3311682847479,68.5896428115107,1.81058402027127,3895.61815200225,15.6410071156049,144.796388212316,56.641,2.379127577440128,92.68172576604871,675.1561376546953,609.3139123514679,70.53343975093944,8.267607649692742,3
Iran,2020,756606400.0,19.4246090258049,60.701048361669,0.559783625786403,2746.41948317591,24.3855556612928,53.7998107858243,75.874,11.536385892258355,316.83754979934,533.4812468154527,669.7296517624517,15.374006562226295,7.918053336196352,3
Iraq,2020,161115330.0,27.7502773014436,74.803566832,-1.58049695886156,4250.74290829159,29.9920388670919,98.0286551431836,70.893,3.5866321991693657,152.45851385269478,1179.592944422368,1274.8844651949678,-67.18286239457194,8.354849048593344,3
Israel,2020,59156320.0,27.5147165765408,71.4980998116746,5.07387864117017,44846.7915954816,23.4460844080304,425.836414048059,92.587,0.5947533555081937,266.7277978518931,12339.467601168732,10514.816611770106,2275.471780013239,10.711007328595468,2
Italy,2020,302602430.0,29.4322770258695,78.7004079724071,-0.898589953074252,31922.9191626183,25.8334287440019,200.999100491348,71.039,0.6247619616712974,199.44225598311613,9395.642002686172,8246.784574880325,-286.85614432330294,10.371079499845203,2
Ivory Coast,2020,11015523.0,20.9934684842997,78.2128014399932,1.13111245703154,2350.75139725548,20.9491633347529,84.3138050314465,51.706,0.7340125497841163,17.254810270080664,493.5042537270618,492.4627498050372,26.589641888199782,7.762490299544112,3
Jamaica,2020,6902286.0,,,1.91929088695692,4897.26476180879,,260.428070175439,56.311,2.319518618843865,113.59296796423423,,,93.99275628354872,8.496432116364709,3
Japan,2020,1040483400.0,15.528515498653,75.0224246315636,1.23793178201869,40040.7655055923,15.7972776256456,346.395061728395,91.782,0.8445326609026693,338.1573423701769,6217.73647731522,6325.350890352135,495.6773619573044,10.597653351767686,2
Jordan,2020,20960476.0,24.2270735242209,96.3636119862552,1.73975978294192,3998.67313829235,42.0501035347226,123.079498614771,91.418,2.336235270882565,93.41841222409283,968.7614812073618,1681.4461946670797,69.56730711131202,8.293717869645382,3
Kazakhstan,2020,255486480.0,30.5289067989681,65.7459390399698,4.21199990309163,9121.63640904156,26.4975355671251,6.94731488683928,57.671,4.830891918793457,440.6563961461108,2784.7358778570324,2417.00885178962,384.2033167092014,9.118404497788553,1
Kenya,2020,21981834.0,9.64039992272566,88.9170243404849,0.423520517667392,1936.25075454374,17.5959494431674,91.3409354464631,27.995,0.9496753029519402,18.38809521912252,186.6623162448098,340.70170386246394,8.200419218982441,7.568508781424348,0
Kiribati,2020,65952.0,9.48954845679012,,1.17686109344576,1763.15507074083,66.505249382716,156.127160493827,55.594,1.7732638924211497,31.26539223683963,167.31545480630302,1172.5906768001946,20.74988604466484,7.474860136976055,0
Kuwait,2020,95654810.0,,,-0.519058653956504,24656.4337134064,,244.693827160494,100.0,3.317830295819601,818.0586276120781,,,-127.98135294648505,10.112793147987858,1
Kyrgyzstan,2020,8348492.5,29.5818778074207,94.7980314171614,-4.85484703138399,1256.92922601263,49.4104006230531,34.3060479666319,36.856,4.677028352658316,58.786936273459474,371.8232677648156,621.0537661210824,-61.02199121567197,7.136426903117002,0
Laos,2020,19491688.0,,,5.09807193491087,2593.35571817336,,31.7131672443674,36.29,5.072969977045413,131.56015698092523,,,132.21114004060237,7.86070796015346,3
Latvia,2020,6997988.0,60.7512914046754,77.2923475019248,2.76262678329592,18096.2027073394,59.4459974077252,30.5391129680219,68.315,0.8724427578941979,157.8790099740361,10993.676839916514,10757.46819230166,499.93054275247954,9.803457400069211,1
Lebanon,2020,23814864.0,16.3725868676481,109.286454886163,5.06712986613403,5599.95752260733,33.7572174203146,553.560410557185,88.925,3.010612982037064,168.59304816417756,916.8579099402816,1890.389836351828,283.7571201188556,8.630514291445781,3
Lesotho,2020,2172752.0,44.1643881452948,126.182472212914,1.3637141365728,910.93494753765,96.6210401578307,74.2457180500659,29.028,1.4745830012109316,13.432491888479923,402.30884598166585,880.1548214720686,12.422548654552992,6.8144714869579985,0
Liberia,2020,779626.0,,,23.23484230661,624.289710007737,,52.8196013289037,52.089,1.571024586197585,9.807744833323143,,,145.0527296566903,6.436614539483899,0
Libya,2020,34237410.0,14.7275804455421,95.9478026413501,,9872.11114427602,21.4719151974331,3.78163724609841,80.691,2.815310735104497,277.9306048262504,1453.9231104465728,2119.731333095284,,9.197469004618666,1
Liechtenstein,2020,141929.0,,,,165287.186766512,,242.225,14.416,0.0892081051539275,147.44956737663847,,,,12.015439765780545,2
Lithuania,2020,13562745.0,73.0980776598689,76.1363183396476,7.90967887457538,20381.8557827478,63.8145293826509,44.6324656659214,68.046,0.8345241831867354,170.0915154892745,14898.744768595488,13006.585347211138,1612.1393410944245,9.92240036164718,1
Luxembourg,2020,8074925.5,203.120263264672,48.6855526774136,13.350022097234,116905.370396853,169.151139678968,244.874264894386,91.453,0.5146297412441494,601.6298051738368,237458.4961206277,197746.76637219533,15606.892780833065,11.669120086497786,2
Madagascar,2020,3974940.0,20.1420748833617,95.7025319956036,2.74657132352468,462.404228818383,28.8686324830754,48.5135390168443,38.534,1.2864653395433765,5.948670132331358,93.13780603242984,133.48977740377785,12.700261947491136,6.136439462684824,0
Malawi,2020,1768165.0,,,2.0942928549253,621.417772482775,,205.526739499364,17.427,0.5201883584286817,3.2325429096622136,,,13.0143080083427,6.432003597262499,0
Malaysia,2020,263199410.0,61.5779359054349,73.9743024691118,1.20275464255821,10164.344431073,55.2102465322035,101.05004717699,77.16,2.919349187156708,296.73270652833634,6258.993498973749,5611.759618777691,122.2521245303368,9.226641231220574,1
Maldives,2020,1678112.0,,,11.8706880719155,7216.81637703018,,1714.79333333333,40.669,1.6573839724355772,119.61035795300404,,,856.6857608401673,8.884169189632363,3
Mali,2020,6447858.0,30.6566300506435,89.2115460852714,3.07380326420401,822.906136832132,36.3339442288606,17.3940451896836,43.909,1.4525879117527796,11.95343506869531,252.2752900326686,298.99425681245845,25.294515695281152,6.7128421441511605,0
Malta,2020,1600392.0,173.802493124355,63.8722762058218,29.8980200459773,29592.5714840718,159.199355964583,1610.4125,94.744,0.3671017380472539,108.6348442509037,51432.62701892392,47111.18321600134,8847.59295442796,10.295278645439621,2
Marshall Islands,2020,146560.0,35.6430815394755,132.111207189793,1.26481688003675,5545.60026741253,72.649154667104,241.183333333333,77.794,3.14712804540413,174.527141301746,1976.622825167217,4028.831715491857,70.14168828159676,8.620760147741953,3
Mauritania,2020,4781520.0,41.406104283545,65.304636397519,11.2328299227716,1836.29241098592,45.3700638487291,4.36461045891142,55.327,2.030423490023505,37.28451245817703,760.3371506436507,833.1270393136782,206.26760341081032,7.515503823741949,0
Mauritius,2020,3806896.0,39.3497952654865,90.2043780660052,1.96937222717258,9011.04288445023,46.4807496090217,633.957936905358,40.76,1.2930642389686255,116.5185730969531,3545.82692631636,4188.40028028288,177.46097594497374,9.106206091345923,1
Mexico,2020,428940300.0,39.2434324403369,78.3098800396575,2.81252013149434,8895.61521605941,37.6268298852866,64.8156084261426,80.731,1.512667120759179,134.56104656258145,3490.944747466605,3347.13800459634,250.19096877194423,9.093313761964456,1
Moldova,2020,5237566.0,27.9143362637536,99.5726047383764,1.35047634241375,4375.7788930524,51.3513858554044,91.7473260542588,42.849,2.912949214544869,127.46421689539036,1221.4696343650028,2247.0231035506827,59.09385874700679,8.383839815643466,3
Mongolia,2020,37073100.0,57.6603497340995,76.2818240241891,12.9130799939654,4041.17414564367,55.1782978952179,2.1151336184565,68.657,6.81386176301874,275.3600198870145,2330.1551457421483,2229.851108547795,521.8400501224162,8.304290558840266,3
Montenegro,2020,2407248.0,25.9966843090985,103.826256649958,11.1300494820964,7677.37132106817,61.0093337726222,46.1937546468401,67.488,1.8926533769744984,145.30602757106837,1995.8619855753525,4683.913094234049,854.4952269591619,8.946032491649369,3
Morocco,2020,64564172.0,30.7941069539783,78.4786160591491,1.16907334587558,3258.26904296875,38.0496964364582,82.2065247591306,63.532,2.2478350016690865,74.35053180291098,1018.5615166255224,1258.5510782105243,38.66886355889835,8.088951364932612,3
Mozambique,2020,6376114.0,32.7898734688009,89.4997249622767,22.3944370320139,456.581918375225,67.1162725832285,39.6478025890791,37.074,2.343448915868975,10.69976401621801,149.71263331666006,306.44076490244976,102.2489502101007,6.123768132731687,0
Myanmar,2020,34587544.0,,,2.41393222885654,1478.87278562378,,81.8533071843351,31.141,2.2634683109360214,33.473816861650995,,,35.69898679596081,7.299035445234377,0
Namibia,2020,3832064.0,33.6778689517423,95.6400460880058,-1.41889955275348,4252.04172014353,43.2473734519041,3.02335507536834,52.033,1.5573843481804646,66.22063222761861,1431.997038283346,1838.8963620412417,-60.332200950008,8.355154551300704,3
Nauru,2020,51296.0,43.5483870967742,,,10124.7006220945,91.3978494623656,615.75,100.0,1.991240947117684,201.6071845602249,4409.14381929922,9253.758633097115,,9.222733323349395,1
Nepal,2020,15631550.0,6.80528982553742,94.2806425285577,0.378739091402959,1139.18989468388,34.1135757694721,204.734056505058,20.576,1.8120736371307904,20.64295975842468,77.52517399647282,388.61840788115575,4.31455745648006,7.038072670081044,0
Netherlands,2020,136670080.0,78.2654765043376,68.1743311614126,-24.3028366413998,52162.5701150406,68.1963014575722,518.013068013068,92.236,0.6367772558060292,332.1593825364515,40825.284057445744,35572.94356367055,-12676.98420301396,10.862120469064552,2
New Zealand,2020,34022760.0,21.7285787458231,77.5909168516305,1.94413144980927,41785.6922905898,22.2535915510134,19.3315863430937,86.699,0.6512600789625624,272.13353260674825,9079.43705384814,9298.817289111174,812.3687853418865,10.640309270219548,2
Nicaragua,2020,4660471.0,41.8937753581425,85.7023129151732,5.88650519734289,1877.10855537062,47.0123601929687,56.1400614924381,59.012,1.6861103734849847,31.650122073678173,786.3916414154395,882.4730352638651,110.49609267165934,7.537487869421681,0
Niger,2020,2461085.0,9.73784560618977,86.9971339470617,2.62395545283651,564.841662320132,25.7751450508943,19.2102620983658,16.626,0.6720686998033645,3.796124015902624,55.003408996170286,145.5887577708969,14.821193598341496,6.33654544818966,0
Nigeria,2020,129497090.0,,,0.55189350883869,2074.61374785422,,228.737667028997,51.958,1.0998565320284706,22.817774820135355,,,11.44965860788253,7.63753026972513,3
North Macedonia,2020,6961600.0,57.771485775759,82.7808988764045,0.0622421869397704,6659.59651070776,70.4697585464977,73.5973037272006,58.482,2.543470732333424,169.38488814134936,3847.347850906475,4693.001581266742,4.145078509629152,8.803814177721337,3
Norway,2020,41231000.0,32.2103377797679,69.5811588655453,-1.11596503409555,68340.0181033702,33.1436412615645,14.7672152298338,82.974,0.399175622883451,272.79669294279086,22012.550669850127,22650.37043826916,-762.6507063281789,11.132250790570772,2
Oman,2020,68625420.0,47.0559509732967,70.1430862582556,2.52097125683683,16707.6230063214,44.8197494245021,14.679802907916,86.276,4.149539590192564,693.2894312274291,7861.930890657853,7488.314766223745,421.1943736900215,9.72362036169967,1
Pakistan,2020,230754130.0,9.29855904268724,93.3036209259369,0.684695289874347,1322.31478539554,17.4177214167425,294.723875311333,37.165,2.640289452063853,34.91293780187921,122.95622105018752,230.31710557259223,9.053827052915342,7.187139105074445,0
Palau,2020,212512.0,23.3321036329802,121.059768987317,16.5020837038306,14532.5583231468,83.0109140604496,39.0695652173913,80.988,3.706286774840776,538.6182871768117,3390.751568479897,12063.609500412083,2398.174938793679,9.584146812858132,1
Panama,2020,7250249.0,36.1123519968704,70.3908437133144,-4.35940101929172,13293.3331951688,31.3007675647552,57.8915610676732,68.414,0.7800749421789982,103.6979612358744,4800.535275556166,4160.915325028223,-579.5097028080316,9.495017925014144,1
Papua New Guinea,2020,7866748.0,,,0.473794551614567,2446.08468660615,,21.5290376716866,13.345,1.3096524265447869,32.035207453477774,,,11.589415973018184,7.8022439381359785,3
Paraguay,2020,7377445.0,33.2706269850168,76.1775031551639,0.560091568099886,5353.34806456279,29.4895904898392,16.6591870123332,62.183,0.9985465610912349,53.455673001935885,1781.0924657703067,1578.6804217352967,29.9836511206546,8.585477450615182,3
Peru,2020,46924612.0,23.0114431429931,80.031822023966,0.329387076302566,6047.47546434312,21.2345240547509,26.019340625,78.297,1.0446106246321705,63.17257122255182,1391.6113780637756,1284.1526321811004,19.91960262211481,8.707396185318965,3
Philippines,2020,132232070.0,25.2028393102032,90.3305026535342,1.88586363211171,3224.42281121767,32.966720992025,376.265140691552,47.408,1.5496142719732424,49.966116071389855,812.6460997927239,1062.9864717773337,60.80821714226796,8.078509239946408,3
Poland,2020,302432700.0,52.9909243041795,75.5830587011351,3.19480059828753,15816.819050319,47.3332871335243,123.800574919152,60.043,1.96192287860709,310.31379161609243,8381.478610283577,7486.620376477444,505.31582964964576,9.668829149695672,1
Portugal,2020,41738252.0,37.0467742388261,83.0272947044846,1.74292538554574,22242.406417972,39.190714226037,112.406676011074,66.31,0.7457312605983913,165.86857776815972,8240.094090948242,8716.957936261102,387.6685478150896,10.00975594475802,1
Qatar,2020,102501230.0,49.118878259958,47.9321343381865,-1.68550858988767,52315.6600806222,40.9002166233522,240.242384682332,99.235,2.600557889932782,1360.4990258970324,25696.86538589429,21397.21830091107,-881.784944515323,10.865051033161185,2
Republic of the Congo,2020,7677297.0,40.7190409112443,64.1369746949373,-17.2921160830895,2011.28344044263,28.5875797770029,16.6974348462665,67.829,2.608168302667039,52.45765717041571,818.9753269549141,574.9772580781839,-347.7934672812948,7.60652832486452,3
Romania,2020,73710180.0,36.8765645791238,79.7718743452847,1.43315648384447,13047.4566563993,41.1825487998703,83.7328320584145,54.194,1.1416182609503998,148.9521477790431,4811.453779830291,5373.275204663579,186.99047104798328,9.476348501526942,1
Russia,2020,1632929300.0,25.5221855113549,71.4667080321871,0.634851184443604,10108.3271484375,20.4447226915578,8.86891988517952,74.754,4.6294536549839975,475.8937390681932,2623.6029556348967,2101.655238609671,65.26076864199278,9.221114833282865,1
Rwanda,2020,1371813.0,19.3259420693955,92.8014053154249,1.49998335758474,773.931800619504,35.8620091784377,532.888609647345,17.432,0.5476449025232146,4.238398055098832,149.5696114443547,277.54749337301456,11.608848208348435,6.65148375681286,0
Saint Kitts and Nevis,2020,230832.0,,,0.321150776223435,18553.423916339,,183.238461538462,30.843,0.9800696299707656,181.83647312377104,,,59.58446492334704,9.82840962870343,1
Saint Lucia,2020,483648.0,,,6.61862493116599,8356.67855538872,,293.831147540984,18.841,1.123670948471924,93.90156918408644,,,553.0972102843599,9.030816325146407,1
Saint Vincent and the Grenadines,2020,238160.0,,,7.50701257256,8306.36049307201,,268.28717948718,53.032,1.1567443977492458,96.08335966046717,,,623.5595265370728,9.024776824774525,1
Samoa,2020,241824.0,88.41926083744269,86.8613543486593,0.509390076919905,19652.49997122754,143.4332711972117,308.2575899280575,105.042,1.7026560669900253,103.67152343384332,2606.8031156823545,4233.988129231469,16.950505195081114,9.88595983420385,1
Saudi Arabia,2020,616085760.0,24.9019708249486,72.2180396925096,0.220799099220468,20398.0614331035,24.8115047047104,16.7452548972177,84.287,2.8596706697760177,583.3173800053544,5079.519306926526,5061.065972144178,45.03873590273018,9.923195147527837,1
Senegal,2020,10820952.0,20.7005528555706,83.0128008090984,7.52395708111688,1492.47590293523,39.346318758136,85.3691372773074,48.122,1.84570512552252,27.54670423766406,308.950763143762,587.2343261572646,112.2932463828586,7.308191699699386,0
Serbia,2020,45169760.0,48.219036497617,84.0930613240905,6.53301414002417,7733.80346893763,56.499978399219,82.0445475086217,56.446,3.525525761080899,272.6572336087644,3729.165517341008,4369.597289387815,505.2504741873753,8.953356060535555,3
Seychelles,2020,597232.0,66.5466895183828,99.0686330437333,5.79027015191072,14041.4754074575,86.9366420475376,214.047826086957,57.546,1.7247064452209817,242.1742313565385,9344.13704320082,12207.18721317432,813.0393594058958,9.549770758059902,1
Sierra Leone,2020,1025920.06,15.0910699945656,109.274954484533,4.25063162005866,493.432240551423,36.4668677546578,114.075505680244,42.923,0.9164334358446764,4.521978035650774,74.46420479736858,179.93928262073217,20.973986840442706,6.201385545599333,0
Singapore,2020,46700000.0,181.555081067383,44.1923103882632,23.1003005183608,61466.803676358,150.135440658079,7918.95125348189,100.0,0.5351270219530854,328.9254760030441,111596.10524414072,92283.45655793612,14199.016368269517,11.02625253044203,2
Slovakia,2020,31154222.0,85.0509183620915,78.4849156316596,-1.0696329742526,19553.2609613643,83.4282376997154,113.536335274542,53.76,1.1477382706598045,224.4202592155604,16630.22801737661,16312.941032892615,-209.1481267844136,9.880897352596559,1
Slovenia,2020,12854909.0,77.7607326036166,71.0038269380062,0.942167943887203,25558.4290544506,68.8255599616044,104.408881428657,55.118,0.986601079157932,252.15973686702367,19874.421674716363,17590.73191411498,240.8033255121867,10.14872244550918,1
Solomon Islands,2020,289456.0,27.9384956804312,88.0336054529603,0.584582977675926,2222.46211853173,32.2818419592613,24.6942122186495,24.67,0.928171780187018,20.62826620955813,620.9224829852067,717.4517087088649,12.992135230232252,7.706370922712645,3
Somalia,2020,597232.0,12.7985879284634,134.762479210907,5.80173680288577,556.578066029332,63.2106829947367,26.3605317690567,46.141,0.3192482985035272,1.776866005642481,71.2341331713049,351.8167969360373,32.2911944936136,6.321807441253386,0
South Africa,2020,434066530.0,27.5273512944254,83.0946059068711,0.932200051917482,5753.06649434631,23.1594920420161,48.4728478513548,67.354,5.084733309758159,292.52808837056307,1583.6668241005946,1332.3809769300317,53.63008884714356,8.657488295000272,3
South Korea,2020,597634300.0,36.359590549146,64.4302787276227,0.533043337613518,31721.2989141857,32.6744545418102,531.109006147541,81.414,1.5244508126402123,483.5755990773347,11533.7344020686,10364.761393787328,169.08827046653596,10.364743624285719,2
South Sudan,2020,1692768.0,,,,1071.77776475545,,16.7838637190828,20.199,,6.943754691295255,,,1.6499741142632531,6.977074011142485,0
Spain,2020,211842610.0,30.7792602389612,78.0914379674891,2.99836360898525,26984.2962770279,29.3402203733657,94.815383748924,80.81,0.6867802786267865,185.3228251568501,8305.566774758756,7917.251993881918,809.0873197111662,10.20301035641097,2
Sri Lanka,2020,20624930.0,15.4576424491127,73.3027151419119,0.514891499955331,3846.17449566736,21.6314780521906,354.332363401229,18.713,1.1679270661615848,44.92051294670295,594.5279015092249,831.9843918792373,19.80362555164104,8.254834295807848,3
Sudan,2020,21165178.0,5.12531269468598,93.9179844510194,2.65193447042229,608.33251953125,4.82983238157553,23.7904100642398,35.253,3.2484020422455657,19.761086669659555,31.17894492480416,29.38144202934437,16.132580336652484,6.410721639590738,0
Suriname,2020,2917967.0,,,0.0357132024302957,4796.53331389928,,3.89144230769231,66.149,3.3264802691424844,159.5557342897059,,,1.7129956520294205,8.475648709693964,3
Sweden,2020,36702516.0,43.847302531012,70.4195343966841,3.38499613196022,52837.9039778149,39.3637003432345,25.4207233696844,87.977,0.2508900602927491,132.5650491473647,23167.995608198125,20798.95418947303,1788.5610058578875,10.874984090510637,2
Switzerland,2020,34228228.0,64.0955571587348,64.0161138420669,-32.6371710834336,85897.7843338323,57.690420839636,218.63446962171,73.915,0.2001338764627661,171.9105655829252,55056.66345577829,49554.79327411081,-28034.60682991172,11.360913314087094,2
Syria,2020,26312742.0,14.7801429940723,111.966489926997,,537.048370894551,33.6212191851828,113.122011653869,55.475,9.37795695984188,50.364165076023,79.37651716555057,180.5622099089108,,6.286088166605978,0
Tajikistan,2020,9404472.0,17.3243145704475,89.1652165420215,1.30975252279445,852.330202064927,38.4247894490479,68.7600475538583,27.506,5.625632461708461,47.94896452830982,147.66036538465843,327.5060855540931,11.163416324084452,6.747974012855977,0
Tanzania,2020,16250422.0,13.5038738462361,62.2597631593733,1.42845965174632,1104.16442871094,14.4591413507523,69.6596500338677,35.227,0.8066633452804381,8.637168033783588,144.58972035776358,154.81803431549127,15.294913440406422,7.006844154796486,0
Thailand,2020,271923300.0,51.4944266088919,70.8424873785948,-0.988581644677358,7001.85028683673,46.3063166376258,139.90421421441,51.43,2.0735638438557404,145.18783594875595,3605.562657219624,3242.298964315127,-69.21900672345681,8.853929719800266,3
The Bahamas,2020,2033520.0,24.2403245566468,83.9619609969673,4.36424052342385,24499.1647620617,33.6898234620715,40.6064935064935,83.245,0.908539485910792,222.5845855816737,5938.677051991409,8253.725358020622,1069.202476446275,10.106394304607274,1
The Gambia,2020,699824.0,9.62179188685386,101.69419707942,10.4612755737217,704.030462837221,37.8785731385365,254.34733201581,62.582,1.367003656227224,9.624122167938244,67.74034595425127,266.6766937833737,73.65056684035012,6.556821626297475,0
Togo,2020,2438790.0,23.263528583167,87.6908087803733,-0.800061438966794,876.542972383418,32.2850099776969,155.223018937305,42.8,1.2953769804351287,11.354535887876631,203.91482492415827,282.99198609278795,-7.012882318013084,6.775985730408116,0
Tonga,2020,183200.0,20.5901681500636,115.358961812649,0.788875767733917,4605.97084119137,64.9438547366316,146.186111111111,23.099,1.4401015053482529,66.33065541989843,948.3771411442008,2991.295012314933,36.33538783504874,8.435108749746474,3
Trinidad and Tobago,2020,35066304.0,,,5.07492744719301,13705.900228571,,295.935087719298,53.214,3.13376901924566,429.5112551716764,,,695.5644925846377,9.525581692721273,1
Tunisia,2020,28490226.0,37.9917691891865,95.6615024660634,1.4663418220259,3493.89773765706,46.3414899474654,78.2809152935118,69.568,2.7003240088657074,94.34655945516931,1327.3935641968822,1619.1242688710636,51.23248374608211,8.158773222279727,3
Turkey,2020,412926880.0,29.1207898635811,71.7615646298119,1.0654713054276,8638.73913259299,32.2229652348943,108.343853540013,76.105,2.3326125959681385,201.5083171396928,2515.669069665351,2783.6579074286547,92.04328660852327,9.064011917421075,1
Turkmenistan,2020,64260420.0,17.8189482611326,,3.13466716137762,7330.36628793054,18.1176455915641,13.3007852233311,52.516,6.834430809142848,500.9888120053459,1306.1941761978458,1328.089784610752,229.78258483645467,8.899780764700472,3
Tuvalu,2020,10992.0,,,0.193249432786911,4674.91140255256,,368.966666666667,64.014,0.7954250903235852,37.185418246301296,,,9.03423976872346,8.449965490217552,3
Uganda,2020,5571384.0,15.4147985397289,80.7634034200133,3.16881317788785,846.76720261962,21.585893851908,221.447292040694,24.954,0.6897516677659355,5.840590902163787,130.52745838431215,182.78226953024225,26.832470702642794,6.7414258075465705,0
Ukraine,2020,206823860.0,38.8216462901934,92.5808604684102,0.194103193490519,3751.7373046875,40.3348060859881,76.29919571971,69.608,4.333381712632208,153.52156828567473,1375.360034526477,1428.967743314295,6.876621689489133,8.229974292932832,3
United Arab Emirates,2020,217379580.0,95.9265985861602,54.6208026809402,5.68984417329464,37629.1741680652,70.6453007391305,130.770050689946,87.048,2.116727356647913,796.5070236961282,36096.386855487,26583.24325668093,2141.041373860553,10.535534937241566,2
United Kingdom,2020,326263200.0,29.6919908301525,81.8182206998282,5.82642060957899,40217.0090116986,29.0825685457504,277.27538544207,83.903,0.4584255281864242,184.36503598266097,11941.230627915147,11696.139212877852,2343.212101613843,10.60204529486517,2
United States,2020,4714628000.0,10.0835578566756,81.5296148047057,0.642809742554384,64317.398912504,13.0211954724839,36.2426709389095,82.664,0.8992188298693051,578.3541619033921,6485.482131251159,8374.894235214368,413.4385063671433,11.071585463241979,2
Uruguay,2020,6473680.0,25.5550310314111,79.1432559940184,0.983971147974194,15651.0033775375,21.131116771206,19.5925379956576,95.515,0.4611638064418282,72.17676292219122,3999.618769856924,3307.23179957286,154.00135760343602,9.658290307493782,1
Uzbekistan,2020,109631970.0,24.178315592511,75.0352321313767,2.86966608446119,1759.30747053678,37.6608743109651,77.6853511857483,50.416,7.744118691390342,136.24285866486522,425.37091246900496,662.5705752222756,50.48624980338601,7.47267552794803,0
Vanuatu,2020,201520.0,15.6982340439726,84.6629625746934,4.52584159327415,2917.75684908933,47.2681527509078,25.5689089417555,25.525,0.9584437607016943,27.965058472543014,458.0362990040842,1379.169764327616,132.05305306669007,7.97857039767702,3
Venezuela,2020,80927096.0,,,,15975.7293753361,,32.3002698259736,88.279,,157.86904677711092,,,52.78961341892317,9.678825935501507,1
Vietnam,2020,362459620.0,84.3815980216553,65.4458883089884,4.55836196782424,3586.34717624763,78.8642647547434,308.359102061392,37.34,4.322307152663335,155.01294051829055,3026.217057922257,2828.3463321001936,163.4786857162102,8.184889463825673,3
Yemen,2020,10883986.0,,,,701.714864673796,,61.14750080497,37.908,,,,,,6.553527145835774,0
Zambia,2020,8144346.0,46.7201864675353,51.9977938593027,1.35190577408234,958.264900505992,32.4866629393098,25.4613527219898,44.629,1.6499144681411244,15.810551236566535,447.7031483693414,311.3082882930945,12.954838520944868,6.8651242538459964,0
Zimbabwe,2020,8494503.0,22.293062976533,89.5811583176538,0.699033511122024,1372.69667433317,25.0203024458535,40.5057929430012,32.242,2.065615650420737,28.354637337831004,306.0161340858682,343.45285958233313,9.59560975964644,7.224532459535345,0
