Country,Year,Oil_Electricity,Gas_Electricity,Coal_Electricity
Canada,1990,16.468,9.654,82.22
Mexico,1990,64.03832052623065,13.208471138873564,7.79890587929691
US,1990,135.978711827957,400.8227462365591,1725.1551709677422
Total North America,1990,216.48503235418764,423.6852173754327,1815.174076847039
Argentina,1990,4.944,19.84969690706507,0.66
Brazil,1990,5.069899680026765,0.3256119999999999,4.62054105
Other S. & Cent. America,1990,56.85723400690617,26.82402172949765,10.285672479660418
Total S. & Cent. America,1990,66.87113368693292,46.99933063656272,15.566213529660416
France,1990,8.668000000000001,3.027,35.423
Germany,1990,10.8,35.9,311.70000000000005
Italy,1990,102.719,39.082,35.594
Netherlands,1990,3.064,36.529,27.499
Poland,1990,1.57,0.125,131.04500000000002
Spain,1990,8.604000000000001,1.509,60.663
Turkey,1990,3.9417,10.1923,20.1813
Ukraine,1990,48.011,49.889,114.033
United Kingdom,1990,34.676,4.998,206.438
Other Europe,1990,60.26347733386497,72.63802810000003,275.892135
Total Europe,1990,282.317177333865,253.88932810000003,1218.468435000001
Kazakhstan,1990,8.731,9.138,62.144
Russian Federation,1990,128.49379329835472,511.6158394006289,156.85474350101632
Other CIS,1990,36.463,110.359634,11.203
Total CIS,1990,173.6877932983547,631.1134734006289,230.20174350101632
Iran,1990,19.886968789580976,30.322031210419023,0.065
Saudi Arabia,1990,39.15190352460071,40.72855221463357,0.0
United Arab Emirates,1990,0.0014183213256484,17.07958167867435,0.0
Other Middle East,1990,53.8686558,31.320000000000004,10.467599999999996
Total Middle East,1990,112.90894643550732,119.45016510372696,10.532599999999997
Egypt,1990,15.5535,16.446,0.0
South Africa,1990,0.0,0.0,155.92600000000002
Other Africa,1990,27.39732335277672,26.2,8.747535442381436
Total Africa,1990,42.9508233527767,42.646,164.67353544238145
Australia,1990,3.474,12.5655,123.363
China,1990,50.366,2.771,441.2510071979799
India,1990,13.312,9.958,191.633
Indonesia,1990,12.324080000000002,3.4007600000000004,9.76802
Japan,1990,287.53785595408164,172.93030706938,119.28443597653828
Malaysia,1990,10.555,5.54,2.932
South Korea,1990,13.307033,12.392570000000005,33.512276
Taiwan,1990,22.360420558,1.203323072,25.364213387
Thailand,1990,10.36948,17.765060000000002,11.05285
Vietnam,1990,1.305,0.006,2.001
Other Asia Pacific,1990,45.89074833500267,32.41298201283066,45.46319918279711
Total Asia Pacific,1990,470.80161784708446,270.9455021542106,1005.6250017443152
Canada,1991,14.135,8.622,88.485
Mexico,1991,67.69311301283935,18.932141965718777,9.242516061996712
US,1991,128.7651322580645,410.27206129032254,1722.5358505376344
Total North America,1991,210.59324527090385,437.8262032560413,1820.2633665996311
Argentina,1991,7.619,20.967008294148982,0.926
Brazil,1991,5.245925138056619,0.373,5.533759474999999
Other S. & Cent. America,1991,53.24652065476363,28.29232843450401,8.540253797031411
Total S. & Cent. America,1991,66.11144579282023,49.63233672865301,15.00001327203141
France,1991,14.084,3.0540000000000003,43.204
Germany,1991,14.8,36.3,308.1
Italy,1991,104.287,35.87,32.011
Netherlands,1991,3.3040000000000003,41.015,25.242
Poland,1991,1.528,0.107,129.23
Spain,1991,10.156,1.361,59.715
Turkey,1991,3.2932,12.5886,21.5615
Ukraine,1991,38.528,46.431,106.667
United Kingdom,1991,28.116,5.824,211.458
Other Europe,1991,61.01067286336535,69.93308269102295,271.9513248866749
Total Europe,1991,279.10687286336537,252.4836826910229,1209.1398248866751
Kazakhstan,1991,7.498982166810518,8.641211238576359,62.11143719461312
Russian Federation,1991,123.9734326850642,501.3111227131217,154.73594460181414
Other CIS,1991,37.6382,104.82415560000004,10.544
Total CIS,1991,169.11061485187471,614.776489551698,227.39138179642725
Iran,1991,22.11104338799418,35.00195661200582,0.094
Saudi Arabia,1991,42.24003603515675,42.75567661534177,0.0
United Arab Emirates,1991,0.001440727665706,17.22055927233429,0.0
Other Middle East,1991,41.81001079999999,24.719000000000005,11.345
Total Middle East,1991,106.16253095081665,119.69719249968188,11.439
Egypt,1991,12.9535,20.4065,0.0
South Africa,1991,0.0,0.0,155.388
Other Africa,1991,29.07492058766619,25.205,9.397977731926298
Total Africa,1991,42.02842058766621,45.61150000000001,164.7859777319263
Australia,1991,2.879,11.2025,127.22155
China,1991,51.923,2.4290000000000003,498.4339574909091
India,1991,13.444,13.355,214.118
Indonesia,1991,14.24383,4.34982,11.04635
Japan,1991,275.44655743254805,184.34411241894432,125.57195114850772
Malaysia,1991,10.945,7.726,3.473
South Korea,1991,20.21286,13.210645000000008,36.830157
Taiwan,1991,25.596744921000003,2.870400224,29.664200912
Thailand,1991,12.748964,19.051186,13.78522
Vietnam,1991,1.492,0.035,1.366
Other Asia Pacific,1991,49.33339949449864,35.546156025862096,47.53661505717168
Total Asia Pacific,1991,478.2653558480467,294.1198196688065,1109.0470016085883
Canada,1992,15.594,13.122,90.03
Mexico,1992,66.84700069239352,18.77594220328812,9.549496406615294
US,1992,107.69264838709675,434.4885720430107,1757.5013720430109
Total North America,1992,190.13364907949028,466.3865142462989,1857.0808684496265
Argentina,1992,7.661,20.79502014037241,0.834
Brazil,1992,6.333113625043216,0.39,5.007477575336314
Other S. & Cent. America,1992,60.22091499459405,29.48624644535153,7.729882906976744
Total S. & Cent. America,1992,74.21502861963725,50.67126658572394,13.571360482313056
France,1992,9.319,3.185,37.732
Germany,1992,13.2,33.0,296.4
Italy,1992,116.02,35.168,24.814
Netherlands,1992,3.155,43.462,25.216
Poland,1992,1.457,0.1,127.199
Spain,1992,14.329,1.711,65.14
Turkey,1992,5.273,10.8137,24.5708
Ukraine,1992,22.618,42.235,105.831
United Kingdom,1992,29.809,12.583,193.638
Other Europe,1992,56.24635999309332,61.51459832196409,258.4276199319944
Total Europe,1992,271.42635999309334,243.7722983219641,1158.9684199319945
Kazakhstan,1992,7.300349891738644,8.735418671826993,59.80286623643436
Russian Federation,1992,100.05208157557767,460.1874299292248,154.1113929222031
Other CIS,1992,30.5073,99.5216334,7.452
Total CIS,1992,137.85973146731632,568.4444820010518,221.36625915863743
Iran,1992,20.731696878953336,37.15930312104667,0.083
Saudi Arabia,1992,49.57638088160986,43.896796413754295,0.0
United Arab Emirates,1992,0.0015505187319884,18.68744948126801,0.0
Other Middle East,1992,49.4191118,34.549,14.032
Total Middle East,1992,119.7287400792952,134.29254901606896,14.115
Egypt,1992,12.2425,22.9445,0.0
South Africa,1992,0.0,0.0,156.71699970017045
Other Africa,1992,30.33329224235731,27.600000000000005,8.703407547853228
Total Africa,1992,42.5757922423573,50.5445,165.42040724802368
Australia,1992,2.3915,11.964,130.0024
China,1992,53.21,2.467,567.329609468687
India,1992,14.811,16.258,229.412
Indonesia,1992,14.94006,3.24939,11.36168
Japan,1992,282.14148655026133,184.15915699386264,131.97460945587608
Malaysia,1992,10.586,12.672108006446951,3.837
South Korea,1992,23.145999,19.538756000000006,42.35909200000001
Taiwan,1992,22.48127843,3.021075696,37.554599098
Thailand,1992,15.09026,22.94304,14.81505
Vietnam,1992,1.62,0.006,0.851
Other Asia Pacific,1992,53.28743612759362,38.03856711123617,49.79067379493157
Total Asia Pacific,1992,493.7050201078549,314.3170938075458,1219.2877138174947
Canada,1993,12.008,15.299,82.384
Mexico,1993,65.92453189424891,19.067332403378067,11.558913499004245
US,1993,121.2776129032258,446.157847311828,1831.2107849462363
Total North America,1993,199.2101447974747,480.524179715206,1925.1536984452407
Argentina,1993,6.6930000000000005,21.99447665713744,1.18
Brazil,1993,6.215603472274298,0.388,4.908581072526466
Other S. & Cent. America,1993,58.71171151138817,31.576770467575194,8.155334803680983
Total S. & Cent. America,1993,71.62031498366247,53.95924712471263,14.24391587620745
France,1993,6.091,3.496,24.749
Germany,1993,10.1,32.8,293.7
Italy,1993,113.919,39.596,20.074
Netherlands,1993,3.026,44.121,24.248
Poland,1993,1.572,0.097,128.257
Spain,1993,9.544,1.196,63.388
Turkey,1993,5.1745,10.788200000000002,23.7599
Ukraine,1993,16.936,38.888,87.602
United Kingdom,1993,21.143,34.039,171.246
Other Europe,1993,54.60424854280368,60.76296738633173,256.71558275799083
Total Europe,1993,242.1097485428037,265.7841673863317,1093.739482757991
Kazakhstan,1993,6.734976480799255,7.759972901410871,55.31980681778987
Russian Federation,1993,82.88559580699697,429.16816716360734,148.39155109892516
Other CIS,1993,23.218,89.30656259999999,8.118
Total CIS,1993,112.83857228779624,526.2347026650182,211.82935791671505
Iran,1993,23.773345838713272,40.283654161286734,0.096
Saudi Arabia,1993,54.79301561326312,47.8755200327219,0.0
United Arab Emirates,1993,0.0018059510086455,21.728194048991355,0.0
Other Middle East,1993,51.33745300000001,43.919,15.989
Total Middle East,1993,129.90562040298502,153.806368243,16.085
Egypt,1993,10.472,26.1725,0.0
South Africa,1993,0.0,0.0,165.95999990918682
Other Africa,1993,31.28497286596621,28.96100000000001,9.996848377700031
Total Africa,1993,41.75697286596621,55.1335,175.95684828688684
Australia,1993,2.3705,12.247,133.2774
China,1993,65.45400000000001,3.124,589.2284719878788
India,1993,14.208,17.878,252.784
Indonesia,1993,14.72373,4.317289999999999,10.681360000000002
Japan,1993,238.79598883797644,182.3239576776655,140.23030688839842
Malaysia,1993,10.685,15.459349169121326,3.88
South Korea,1993,25.328151,18.922913000000005,53.502605
Taiwan,1993,26.456750566,2.607891722,44.820040423
Thailand,1993,18.238485,27.953160000000004,13.503754
Vietnam,1993,2.0460000000000003,0.014,0.637
Other Asia Pacific,1993,52.73229995189188,42.14147972201522,48.22098507004428
Total Asia Pacific,1993,471.0389053558683,326.9890412908021,1290.7659233693216
Canada,1994,10.068,15.437,86.651
Mexico,1994,79.72029009468886,21.3801850260356,14.284618062169889
US,1994,113.8720247311828,494.8587978494624,1832.2719516129032
Total North America,1994,203.66031482587164,531.675982875498,1933.207569675073
Argentina,1994,4.557,22.719353996006127,2.348
Brazil,1994,6.44245004874996,0.4791674319220369,4.970669237780714
Other S. & Cent. America,1994,62.07808260127786,31.90189776089233,8.386659477940045
Total S. & Cent. America,1994,73.07753265002785,55.10041918882049,15.705328715720755
France,1994,5.617,3.625,24.143
Germany,1994,10.1,36.1,290.7
Italy,1994,116.312,40.404,22.883
Netherlands,1994,3.331,43.541,27.007
Poland,1994,1.686,0.147,129.371
Spain,1994,10.509,3.229,62.613
Turkey,1994,5.5488,13.8223,28.2347
Ukraine,1994,10.399,34.26,77.08800000000001
United Kingdom,1994,14.837,53.258,161.341
Other Europe,1994,55.4402552455048,65.10549268337223,267.24755011567726
Total Europe,1994,233.7800552455048,293.49179268337224,1090.6282501156777
Kazakhstan,1994,4.76835475426614,5.35039805690517,47.10350438882869
Russian Federation,1994,73.27043955868723,363.7423140416796,162.4847328403281
Other CIS,1994,23.482,79.53657700000001,8.255
Total CIS,1994,101.52079431295336,448.6292890985847,217.8432372291568
Iran,1994,26.76460502476001,47.24839497524,0.095
Saudi Arabia,1994,55.56793529710757,50.47801855791504,0.0
United Arab Emirates,1994,0.001971757925072,23.734028242074928,0.0
Other Middle East,1994,56.4859668,45.809,16.964
Total Middle East,1994,138.82047887979266,167.26944177522995,17.058999999999997
Egypt,1994,8.5305,29.2915,0.0
South Africa,1994,0.0,0.0,169.40200023604234
Other Africa,1994,31.25357507952084,32.81,10.39167580176722
Total Africa,1994,39.78407507952084,62.1015,179.79367603780958
Australia,1994,2.529,13.556,136.8941
China,1994,48.199,3.154,693.4083966161616
India,1994,15.747,21.882,264.609
Indonesia,1994,11.20074,12.3335,12.80518
Japan,1994,281.11687388874896,199.1195028290056,156.84714368628588
Malaysia,1994,9.744,19.44620469738232,4.081
South Korea,1994,37.60050700000001,17.912262999999992,65.100592
Taiwan,1994,26.919745836,5.382906161999999,48.27158504599999
Thailand,1994,21.032357,31.484798,14.130907999999998
Vietnam,1994,1.97,0.004,1.071
Other Asia Pacific,1994,57.01204729881665,41.18868440741168,40.25964982219704
Total Asia Pacific,1994,513.0712710235657,365.4638590957996,1437.4785551706443
Canada,1995,6.303440860215054,19.975483870967743,91.60397849462365
Mexico,1995,70.00650791825345,22.39776710409266,15.48144012468612
US,1995,80.16566129032259,533.3956397849462,1853.0069021505376
Total North America,1995,156.4756100687911,575.7688907600066,1960.0923207698472
Argentina,1995,4.585,26.500556270948653,1.908
Brazil,1995,7.581481502024661,0.5596937043269541,5.442427
Other S. & Cent. America,1995,67.37900614271146,36.58796962127845,10.865215677657098
Total S. & Cent. America,1995,79.54548764473611,63.64821959655407,18.215642677657097
France,1995,7.749,3.84,26.556
Germany,1995,9.1,41.1,289.7
Italy,1995,120.8,46.442,27.565
Netherlands,1995,2.814,42.011,30.022
Poland,1995,1.523,0.258,133.009
Spain,1995,14.623,3.75,67.07900000000001
Turkey,1995,5.772,16.5793,28.0469
Ukraine,1995,10.391,32.726,70.228
United Kingdom,1995,17.297,63.739,155.20600000000002
Other Europe,1995,59.79946410527597,67.19862851750203,266.358126295447
Total Europe,1995,249.868464105276,317.643928517502,1093.770026295447
Kazakhstan,1995,4.860275052837306,5.454308670406309,48.01871747675639
Russian Federation,1995,67.79186578291304,353.5442161089271,160.29595861539937
Other CIS,1995,25.072,76.22846120000001,4.23
Total CIS,1995,97.72414083575032,435.2269859793333,212.54467609215575
Iran,1995,29.339361164514603,46.5996388354854,0.091
Saudi Arabia,1995,60.11966246286025,49.80836290231063,0.0
United Arab Emirates,1995,0.0017387319884726,24.980261268011528,0.0
Other Middle East,1995,58.430124,47.64,18.71
Total Middle East,1995,147.89088635936332,169.02826300580756,18.801
Egypt,1995,9.01,30.45,0.0
South Africa,1995,0.0,0.0,173.55100060987476
Other Africa,1995,27.12777627589129,35.864000000000004,13.3348443320902
Total Africa,1995,36.1377762758913,66.314,186.88584494196496
Australia,1995,2.7715,13.679,141.93535
China,1995,55.094,2.999,741.8859007838385
India,1995,16.826,29.434,296.29200000000003
Indonesia,1995,8.579210000000002,20.66654,14.36661
Japan,1995,248.67469943559016,201.16463298105012,168.60079598740006
Malaysia,1995,10.936,25.446500092258105,3.974
South Korea,1995,29.563983,29.21781900000001,72.00609699999998
Taiwan,1995,32.240942199,5.844308743,50.332971304
Thailand,1995,23.97307,33.86326225,15.16511264
Vietnam,1995,1.295,0.748,2.023
Other Asia Pacific,1995,64.13309565310463,44.1795588893897,41.82839006372966
Total Asia Pacific,1995,494.08750028769487,407.2426219556979,1548.410227778968
Canada,1996,7.422365591397849,18.62150537634409,89.62107526881721
Mexico,1996,71.47585419180815,21.16826488051564,18.53418910728201
US,1996,87.53895161290322,489.30707096774194,1945.7542
Total North America,1996,166.43717139610922,529.0968412246017,2053.909464376099
Argentina,1996,4.624,32.545495397110024,1.917
Brazil,1996,9.328144558238638,0.9741468373161114,6.02573889
Other S. & Cent. America,1996,69.17885462627125,37.29306631207082,11.65295462135922
Total S. & Cent. America,1996,83.1309991845099,70.81270854649696,19.595693511359222
France,1996,7.79,4.122,30.966
Germany,1996,8.162,45.56,296.975
Italy,1996,117.088,49.725,25.323
Netherlands,1996,2.824,47.075,28.453
Poland,1996,1.772,0.323,136.764
Spain,1996,13.92,6.767,54.67
Turkey,1996,6.539599999999999,17.174200000000003,30.4136
Ukraine,1996,4.947,33.275,56.354
United Kingdom,1996,17.185,84.086,147.269
Other Europe,1996,60.03643156814688,76.53985231347991,286.498839091123
Total Europe,1996,240.2640315681469,364.6470523134799,1093.6864390911228
Kazakhstan,1996,4.245919170781519,4.764125812621116,42.321201816597366
Russian Federation,1996,56.507878685407405,364.1110814913792,160.6306059459876
Other CIS,1996,22.208,74.9355086,4.014
Total CIS,1996,82.96179785618892,443.8107159040003,206.96580776258497
Iran,1996,31.739650608933445,49.09434939106656,0.092
Saudi Arabia,1996,62.64847826642615,49.51864402540941,0.0
United Arab Emirates,1996,0.0020053674351585,26.569994632564843,0.0
Other Middle East,1996,58.100266000000005,53.183,22.373
Total Middle East,1996,152.49040024279475,178.3659880490408,22.465
Egypt,1996,10.5725,31.5135,0.0
South Africa,1996,0.0,0.0,184.7180000512473
Other Africa,1996,26.72256441010529,38.478,12.573204867376916
Total Africa,1996,37.2950644101053,69.9915,197.29120491862415
Australia,1996,2.49,11.9355,148.4309
China,1996,50.351,2.828,824.1841076060606
India,1996,19.848,32.024,312.234
Indonesia,1996,9.171869999999998,21.85554,16.67061
Japan,1996,237.25818506101027,212.91620708761585,178.44433765945473
Malaysia,1996,11.094,32.95437387428444,4.1770000000000005
South Korea,1996,29.838997000000003,34.765665000000006,81.709393
Taiwan,1996,28.309069607,6.228967335,59.90195762
Thailand,1996,25.556094000000005,36.4333442,17.58007204
Vietnam,1996,1.463,1.097,2.376
Other Asia Pacific,1996,69.4225329720652,50.38180522981644,39.87306582589133
Total Asia Pacific,1996,484.8027486400754,443.4204027267167,1685.5814437514068
Canada,1997,12.024731182795698,22.826344086021507,96.92591397849463
Mexico,1997,82.51142890786687,23.12121863535047,18.391734176119147
US,1997,99.5213688172043,515.482440860215,1998.2434086021503
Total North America,1997,194.05752890786687,561.430003581587,2113.5610567567646
Argentina,1997,2.0420000000000003,32.1884542072109,1.896
Brazil,1997,9.969052958432377,1.177,7.310272489999999
Other S. & Cent. America,1997,75.96566733874084,40.77650709480604,12.701402970177668
Total S. & Cent. America,1997,87.97672029717319,74.14196130201694,21.907675460177668
France,1997,7.727,4.9,25.863
Germany,1997,7.4,48.1,284.823
Italy,1997,113.312,60.649,24.769
Netherlands,1997,2.823,50.661,27.362
Poland,1997,1.901,0.215,136.253
Spain,1997,14.103,18.174,63.976
Turkey,1997,7.157299999999999,22.0856,33.86
Ukraine,1997,2.327,31.017,55.193
United Kingdom,1997,10.669,110.963,121.973
Other Europe,1997,59.73985196069018,68.34399977870352,277.41360929178427
Total Europe,1997,227.1591519606902,415.10859977870354,1051.485609291784
Kazakhstan,1997,3.7667936215204074,4.225722591230962,37.20602718724863
Russian Federation,1997,51.79229110882252,356.867557724436,157.0224043800118
Other CIS,1997,20.998,79.427905,3.268
Total CIS,1997,76.55708473034294,440.52118531566697,197.49643156726043
Iran,1997,32.053633463546646,58.89236653645335,0.096
Saudi Arabia,1997,66.19376106639292,52.91070986628724,0.0
United Arab Emirates,1997,0.0026305043227665,28.46136949567724,0.0
Other Middle East,1997,63.3766298,54.439,24.783
Total Middle East,1997,161.62665483426235,194.70344589841784,24.879
Egypt,1997,12.3335,32.6795,0.0
South Africa,1997,0.0,0.0,192.8690000906969
Other Africa,1997,26.170365177815885,43.165,13.176024055458864
Total Africa,1997,38.50386517781589,75.8445,206.04502414615573
Australia,1997,1.998,12.18,157.47385
China,1997,47.115,8.077,867.0265180020202
India,1997,20.889,40.179,325.827
Indonesia,1997,12.006309999999996,29.61548,20.47273
Japan,1997,208.94280681043887,219.67732803411437,188.1350387135969
Malaysia,1997,11.726,41.576254694603456,2.46
South Korea,1997,28.126123000000003,42.00232999999999,93.936845
Taiwan,1997,29.257505243,8.970671327,65.639488814
Thailand,1997,21.706792,44.573673632,19.02579449
Vietnam,1997,2.177,1.973,3.325
Other Asia Pacific,1997,75.39356047888727,59.75659707949854,36.93607525496611
Total Asia Pacific,1997,459.3380975323262,508.58133476721633,1780.2583402745831
Canada,1998,16.85806451612903,26.423763440860213,105.9936559139785
Mexico,1998,92.33252289079786,30.022325098295823,18.687679279591308
US,1998,138.49480967741934,571.2441978494624,2029.0407741935485
Total North America,1998,247.68539708434625,627.6902863886183,2153.722109387118
Argentina,1998,3.81,34.26260048708345,1.808
Brazil,1998,11.209596132461703,1.321,6.9736292
Other S. & Cent. America,1998,83.79129727652648,47.49053487021483,14.07846975556389
Total S. & Cent. America,1998,98.8108934089882,83.07413535729827,22.86009895556389
France,1998,11.651,4.9750000000000005,37.312
Germany,1998,6.7,50.743,292.802
Italy,1998,107.305,70.21300000000001,27.827
Netherlands,1998,3.013,52.126126,29.576
Poland,1998,1.902,0.313,135.993
Spain,1998,17.499,16.212,63.166
Turkey,1998,7.9233,24.8375,35.6875
Ukraine,1998,2.248,29.197,50.22
United Kingdom,1998,8.182540482523825,117.79828819105188,122.97085129707412
Other Europe,1998,65.71715791198713,80.53616803764754,262.75854141779496
Total Europe,1998,232.14099839451103,446.9510822286993,1058.312892714869
Kazakhstan,1998,3.634466226160357,4.073196049390753,35.86540312444888
Russian Federation,1998,52.94331031238774,346.50375199621567,162.97269257034327
Other CIS,1998,21.067,76.7144842,3.252
Total CIS,1998,77.6447765385481,427.2914322456064,202.09009569479213
Iran,1998,23.02991305013288,71.75508694986712,0.112
Saudi Arabia,1998,72.56708122655964,53.60059743972192,0.0
United Arab Emirates,1998,0.0027313328530259,33.38926866714697,0.0
Other Middle East,1998,75.2191428,54.19499999999999,26.431
Total Middle East,1998,170.81886840954556,212.939953056736,26.543
Egypt,1998,16.063,32.529500000000006,0.0
South Africa,1998,0.0,0.0,187.5270005227659
Other Africa,1998,26.968582249298173,44.801,14.17062499305941
Total Africa,1998,43.031582249298175,77.3305,201.69762551582528
Australia,1998,1.775,14.4675,165.9459
China,1998,53.392,6.0920000000000005,891.6741390444446
India,1998,21.038,50.175,336.484
Indonesia,1998,9.53041,31.07327,22.43653
Japan,1998,192.4043513180573,230.09956092131367,192.2322868035584
Malaysia,1998,11.31,44.71926656810982,3.655
South Korea,1998,10.517918,27.876672,102.949809
Taiwan,1998,30.147786788,14.283169697000002,70.35539893
Thailand,1998,18.523073,49.02112797300001,16.59047822
Vietnam,1998,3.676,3.4370000000000003,3.48
Other Asia Pacific,1998,73.03014301067803,61.32415583074985,40.18195165851352
Total Asia Pacific,1998,425.3446821167353,532.5687229901735,1845.9854936565164
Canada,1999,14.81956989247312,27.87462365591398,106.1864516129032
Mexico,1999,89.66314170422059,32.905169836489804,18.6084261840852
US,1999,126.9471376344086,598.275405376344,2037.8632430107525
Total North America,1999,231.4298492311023,659.0551988687478,2162.658120807741
Argentina,1999,3.831,45.73213742105097,2.106
Brazil,1999,16.636875,2.652865088757397,9.714973368841546
Other S. & Cent. America,1999,85.43491324805704,42.23216842745572,15.575727956989248
Total S. & Cent. America,1999,105.90278824805706,90.61717093726408,27.396701325830797
France,1999,9.952,7.701,33.112
Germany,1999,6.3,51.8,279.068
Italy,1999,91.379,86.217,28.225
Netherlands,1999,2.781,52.58151600000001,25.068
Poland,1999,1.891,0.62,135.108
Spain,1999,24.445,19.058,75.436
Turkey,1999,8.0795,36.3459,37.0309
Ukraine,1999,1.427,30.254,53.871
United Kingdom,1999,6.5487897059158,142.9008686105889,106.17967779235832
Other Europe,1999,62.446666835057854,95.82068611686896,249.360114082896
Total Europe,1999,215.2499565409736,523.2989707274578,1022.4586918752544
Kazakhstan,1999,3.0123554843494653,4.098077266121936,34.0554400495286
Russian Federation,1999,40.90207266028448,358.6336370929492,161.34128661392984
Other CIS,1999,21.168,78.23222460000001,2.603
Total CIS,1999,65.08242814463395,440.963938959071,197.99972666345843
Iran,1999,27.342440015299594,77.15055998470041,0.417
Saudi Arabia,1999,76.0977428674364,54.901633251632425,0.0
United Arab Emirates,1999,0.0028187175792507,37.12318128242075,0.0
Other Middle East,1999,82.47706980000001,54.14600000000001,26.203
Total Middle East,1999,185.92007140031524,223.3213745187536,26.62
Egypt,1999,15.0515,37.2265,0.0
South Africa,1999,0.0,0.0,186.66200020789827
Other Africa,1999,29.82320014792322,48.864,13.133715211606356
Total Africa,1999,44.87470014792322,86.0905,199.7957154195046
Australia,1999,1.7565,16.123,171.1614
China,1999,50.261,4.813,969.6844324262628
India,1999,24.802,59.009,365.436
Indonesia,1999,9.81549,33.49757,26.3349
Japan,1999,193.2381165532271,244.68681853249583,211.6129372779133
Malaysia,1999,4.9670000000000005,51.1286982804424,4.522
South Korea,1999,11.905647000000002,29.912465999999984,111.09661
Taiwan,1999,31.771655277,15.449401558,73.643094119
Thailand,1999,15.886583000000003,53.804434629000006,16.633195532
Vietnam,1999,3.274,3.596,2.915
Other Asia Pacific,1999,71.717916573913,64.83981806625395,40.702374629037145
Total Asia Pacific,1999,419.3959084041402,576.8602070661923,1993.741943984213
Canada,2000,13.354193548387094,35.425161290322585,114.93311827956988
Mexico,2000,96.57959400171865,40.30958664504507,19.054851848644905
US,2000,119.59243548387096,646.2775903225805,2129.268122580645
Total North America,2000,229.5262230339767,722.0123382579482,2263.25609270886
Argentina,2000,2.883,48.879897099561525,1.781
Brazil,2000,15.24524,4.067859799065883,10.9302
Other S. & Cent. America,2000,84.58569789445188,49.30929426220564,13.112370967741937
Total S. & Cent. America,2000,102.71393789445186,102.25705116083304,25.823570967741936
France,2000,7.165,11.514,30.86
Germany,2000,5.9,49.2,291.40000000000003
Italy,2000,85.878,101.36,30.524
Netherlands,2000,2.641,52.492704,27.114
Poland,2000,1.916,0.928,137.921
Spain,2000,22.578,20.178,80.858
Turkey,2000,9.3108,46.2169,38.1863
Ukraine,2000,1.187,29.947,51.514
United Kingdom,2000,6.523984416697386,148.076532816805,119.949818529681
Other Europe,2000,50.213587602489184,96.54436670252936,268.6787348121048
Total Europe,2000,193.31337201918652,556.4575035193342,1077.005853341786
Kazakhstan,2000,2.6869495319891303,5.518921827324,35.898169440686864
Russian Federation,2000,33.091,370.372,175.615
Other CIS,2000,19.881,80.86990939999998,2.721
Total CIS,2000,55.65894953198913,456.760831227324,214.23416944068688
Iran,2000,33.48725729558768,81.55924270441231,0.484
Saudi Arabia,2000,74.84496721056249,63.83851600263064,0.0
United Arab Emirates,2000,0.0027649423631123,39.94123505763689,0.0
Other Middle East,2000,86.7578284,57.283,29.185
Total Middle East,2000,195.09281784851328,242.6219937646798,29.669000000000004
Egypt,2000,16.87194286536687,42.18835713463313,0.0
South Africa,2000,0.0,0.0,193.239200039378
Other Africa,2000,29.70280294425832,49.655,15.020297894170584
Total Africa,2000,46.57474580962519,91.84335713463314,208.2594979335486
Australia,2000,1.914,16.758,180.26025
China,2000,47.268,5.773,1060.2594138101008
India,2000,29.163,55.964,390.233
Indonesia,2000,12.504,31.929,34.002
Japan,2000,179.43207488968028,253.76231740240036,233.8788899887413
Malaysia,2000,2.935,55.93827357750237,4.038
South Korea,2000,32.53446725097655,29.385084008138037,113.8348672408854
Taiwan,2000,31.041537341,17.658176208,86.973920805
Thailand,2000,9.719366000000004,61.094558866,18.19733869
Vietnam,2000,4.519,4.356,3.135
Other Asia Pacific,2000,71.94316519558062,67.53044676710125,48.776079848344615
Total Asia Pacific,2000,422.9736106772374,600.148856829142,2173.5887603830724
Canada,2001,15.90537634408602,41.82709677419355,110.47505376344084
Mexico,2001,92.74216507520885,50.86083492479117,23.172
US,2001,134.2798075268817,687.2356118279569,2056.984317204301
Total North America,2001,242.92734894617652,779.9235435269416,2190.631370967742
Argentina,2001,1.004,43.25819528429559,1.362
Brazil,2001,15.903812673956269,9.921246055684456,11.078
Other S. & Cent. America,2001,90.83836175232064,58.08827759114487,10.085761458580643
Total S. & Cent. America,2001,107.74617442627692,111.2677189311249,22.525761458580646
France,2001,5.958,15.146,23.901
Germany,2001,6.1000000000000005,55.5,293.2
Italy,2001,75.008,104.188,36.775
Netherlands,2001,2.646,54.408072,28.521
Poland,2001,2.398,1.358,137.107
Spain,2001,24.632,23.358,71.734
Turkey,2001,10.3662,49.5492,38.4175
Ukraine,2001,1.061,30.357,53.168
United Kingdom,2001,5.253166329004667,141.9060541128414,131.4605141648434
Other Europe,2001,55.48891507650573,101.0875326173898,277.73026466313934
Total Europe,2001,188.9112814055104,576.8578587302312,1092.014278827983
Kazakhstan,2001,2.3313942368459903,5.887643266178039,39.083826596975975
Russian Federation,2001,30.01998961931734,376.7438697248532,168.77294163960843
Other CIS,2001,12.617,89.7782674,2.697
Total CIS,2001,44.96838385616333,472.4097803910312,210.5537682365844
Iran,2001,33.47415444083547,89.50114555916454,0.472
Saudi Arabia,2001,69.43834736803316,76.6548643692313,0.0
United Arab Emirates,2001,0.0027066858789625,43.16929331412104,0.0
Other Middle East,2001,91.517525,60.195,32.898
Total Middle East,2001,194.4327334947476,269.5203032425169,33.370000000000005
Egypt,2001,17.64775978221416,48.47134021778585,0.0
South Africa,2001,0.0,0.0,195.29910038366395
Other Africa,2001,29.77131957824035,52.507000000000005,19.181285598627635
Total Africa,2001,47.41907936045451,100.97834021778586,214.4803859822916
Australia,2001,2.245,24.5005,179.87735
China,2001,48.517,4.934,1129.1425004808082
India,2001,26.791,55.934000000000005,408.291
Indonesia,2001,13.165,33.087,37.713
Japan,2001,150.989739550549,251.74569444409545,249.17906278617752
Malaysia,2001,3.362,60.10968516200745,6.238
South Korea,2001,33.95925247880476,33.355885008090745,126.15825491110446
Taiwan,2001,25.967220318,20.518662906,95.066392699
Thailand,2001,2.6680240000000004,71.22877931500001,20.29602911
Vietnam,2001,4.757,4.423,3.218
Other Asia Pacific,2001,71.46920804620467,79.68993787205865,52.83321383986186
Total Asia Pacific,2001,383.8904443935584,639.5271447072524,2308.012803826952
Canada,2002,15.331290322580644,38.37451612903226,109.4132258064516
Mexico,2002,79.31532970303607,69.60067029696393,26.098
US,2002,101.68537096774192,743.016929032258,2090.9602559139785
Total North America,2002,196.33199099335863,850.9921154582541,2226.47148172043
Argentina,2002,0.759,40.705739914367925,0.811
Brazil,2002,13.520092845605726,12.405784913481872,9.1232
Other S. & Cent. America,2002,92.84624689879443,58.161963391974055,12.65354324189839
Total S. & Cent. America,2002,107.1253397444002,111.27348821982385,22.58774324189839
France,2002,5.767,18.369,26.991
Germany,2002,8.700000000000001,56.3,292.6
Italy,2002,87.764,99.414,40.468
Netherlands,2002,2.363,55.132205000000006,28.988
Poland,2002,2.376,2.198,135.005
Spain,2002,28.593,32.386,82.45700000000001
Turkey,2002,10.7438,52.496500000000005,32.1491
Ukraine,2002,0.81,30.494,54.629
United Kingdom,2002,4.7989949556177445,152.27748439721154,124.278613890802
Other Europe,2002,52.46882425147951,112.9243258361304,276.8812458712999
Total Europe,2002,204.38461920709727,611.991515233342,1094.446959762102
Kazakhstan,2002,3.0703173402733963,6.228615118822292,40.14207474090431
Russian Federation,2002,27.415037403017667,384.77259514050377,170.35866054260563
Other CIS,2002,11.792000000000002,90.6121606,2.708
Total CIS,2002,42.27735474329106,481.6133708593261,213.20873528351
Iran,2002,31.62621406589628,98.04048593410371,0.516
Saudi Arabia,2002,68.39923914356771,86.5067201951245,0.0
United Arab Emirates,2002,0.0029016210374639,46.85309837896254,0.0
Other Middle East,2002,101.7071232,60.791569,35.074
Total Middle East,2002,201.7354780305015,292.1918735081907,35.59
Egypt,2002,14.577297616237905,57.4507023837621,0.0
South Africa,2002,0.0,0.0,204.016300533907
Other Africa,2002,32.375011309342,58.505,18.92894826739304
Total Africa,2002,46.95230892557992,115.9557023837621,222.94524880130004
Australia,2002,2.0535,30.552650000000003,171.8623
China,2002,50.704,4.194,1282.5674984626264
India,2002,27.929,62.885,426.701
Indonesia,2002,19.84394659481115,29.26205340518886,42.929
Japan,2002,170.17085793706786,248.64798235266449,260.11985971026763
Malaysia,2002,5.211,60.01296,9.559
South Korea,2002,28.76329987813969,42.49676231150025,136.09400903566006
Taiwan,2002,21.067497658,26.234255616,102.810586315
Thailand,2002,2.120368,78.91024132000001,19.291505838
Vietnam,2002,4.386,8.334,4.878
Other Asia Pacific,2002,63.65792373487822,95.9150261749556,50.932775774850384
Total Asia Pacific,2002,395.90739380289705,687.444931180309,2507.745535136404
Canada,2003,19.139462365591395,38.32397849462365,108.41505376344084
Mexico,2003,70.80378806100757,80.58321193899243,30.898
US,2003,128.39316451612902,698.8253107526882,2139.0718
Total North America,2003,218.336414942728,817.7325011863044,2278.384853763441
Argentina,2003,1.011,47.747248902313885,0.937
Brazil,2003,10.835175,13.11,9.013
Other S. & Cent. America,2003,94.28388451646128,61.16406274946546,15.903281233476813
Total S. & Cent. America,2003,106.1300595164613,122.02131165177936,25.85328123347681
France,2003,7.096,19.368,29.266
Germany,2003,10.251643455177028,62.59258807499151,304.62672725999994
Italy,2003,75.987,117.301,44.117
Netherlands,2003,2.493,56.172989,29.742
Poland,2003,2.456,2.4250000000000003,142.848
Spain,2003,24.002,39.368,75.955
Turkey,2003,9.1962,63.536,32.252900000000004
Ukraine,2003,0.65,34.24,54.643
United Kingdom,2003,4.594112124345547,148.8826731245491,138.45872557649628
Other Europe,2003,46.6963843882312,125.24279813282774,303.78435702606305
Total Europe,2003,183.42233996775377,669.1290483323681,1155.6937098625594
Kazakhstan,2003,2.5940386087652287,6.820101508010355,45.82768208322442
Russian Federation,2003,27.119130711739267,406.8199657033245,172.23623455167325
Other CIS,2003,12.999040722221016,90.8028438134656,2.3196901111106576
Total CIS,2003,42.71221004272551,504.4429110248004,220.3836067460083
Iran,2003,31.706260890047904,109.8511391099521,0.472
Saudi Arabia,2003,75.2246401819437,91.36294898329804,0.0
United Arab Emirates,2003,0.0030405403458213,49.44695945965418,0.0
Other Middle East,2003,98.47454139999998,62.961692000000006,36.055
Total Middle East,2003,205.40848301233737,313.6227395529043,36.527
Egypt,2003,14.935810844525497,64.0246891554745,0.0
South Africa,2003,0.0,0.0011097222399059,217.32817895718964
Other Africa,2003,33.62265386226097,59.96000000000001,17.736147656692996
Total Africa,2003,48.55846470678646,123.9857988777144,235.06432661388263
Australia,2003,1.52485,30.14735,173.606
China,2003,54.825,5.155,1519.9681357030304
India,2003,31.086,72.802,441.472
Indonesia,2003,23.15383344586331,27.954166554136684,46.459
Japan,2003,182.61670842286,269.266328860263,287.9628687168772
Malaysia,2003,3.4153,60.3925,13.435
South Korea,2003,28.072306981236277,45.06684359091824,137.77869523684546
Taiwan,2003,19.413985291000003,28.361154832,112.335397741
Thailand,2003,2.509575,85.68782651000001,19.301379904
Vietnam,2003,2.658,12.044,7.237
Other Asia Pacific,2003,48.99476037323829,113.99972783965572,56.88430869957937
Total Asia Pacific,2003,398.2703195141979,750.8768981869737,2816.439786001333
Canada,2004,19.023118279569893,39.950537634408605,98.70086021505377
Mexico,2004,73.93316469550625,92.37283530449376,23.798
US,2004,130.26350215053765,763.548405376344,2143.60535483871
Total North America,2004,223.2197851256138,895.8717783152464,2266.104215053764
Argentina,2004,4.039,55.20938965240033,1.678
Brazil,2004,12.33908335116279,19.26391022054043,10.3710334
Other S. & Cent. America,2004,90.84427741122978,64.42949754982047,17.96305929935252
Total S. & Cent. America,2004,107.22236076239258,138.9027974227612,30.01209269935252
France,2004,6.5280000000000005,21.049,27.235
Germany,2004,10.672479891261789,62.66868267628198,298.76080676
Italy,2004,58.891,129.772,50.9
Netherlands,2004,2.431,60.498005,28.135
Poland,2004,2.914,3.225,143.2456
Spain,2004,26.802,55.46,80.32300000000001
Turkey,2004,7.670299999999999,62.241800000000005,34.4476
Ukraine,2004,0.5700000000000001,37.524,45.128
United Kingdom,2004,4.6437795449292665,157.06486700778686,131.7875673999738
Other Europe,2004,41.81273402570699,127.752655762664,287.4868870468662
Total Europe,2004,162.93529346189794,717.2560104467328,1127.4494612068402
Kazakhstan,2004,1.1809539516692706,7.148721253584772,50.55602869474597
Russian Federation,2004,23.91891925645772,422.5592377860584,160.85453194180548
Other CIS,2004,11.433523499998948,99.53446329481788,2.8664953888882345
Total CIS,2004,36.533396708125935,529.2424223344611,214.2770560254397
Iran,2004,35.68856993315384,114.61113006684616,0.476
Saudi Arabia,2004,74.66568824228897,98.73897340407866,0.0
United Arab Emirates,2004,0.0027425360230547,52.41425746397695,0.0
Other Middle East,2004,98.9151782,72.447371,36.896
Total Middle East,2004,209.27217891146583,338.21173193490165,37.372
Egypt,2004,10.46805426523466,74.44771455196964,0.0
South Africa,2004,0.0,0.003326000065651,226.2022122573353
Other Africa,2004,36.06525134737442,66.69400000000002,19.03437947208362
Total Africa,2004,46.53330561260909,141.14504055203528,245.23659172941893
Australia,2004,2.11485,27.36115,178.9607
China,2004,65.534,7.46,1722.4212222222222
India,2004,28.269,76.577,463.005
Indonesia,2004,28.82920625626324,26.76079374373677,48.211
Japan,2004,167.1737784065076,254.10398458592115,291.0915968842838
Malaysia,2004,2.78574,63.8799,22.627
South Korea,2004,25.87659358692579,62.72740370250334,142.3791249619158
Taiwan,2004,17.485681331,36.158744309,115.331464027
Thailand,2004,5.700621,90.289051077,20.404479068
Vietnam,2004,1.685,19.533,7.173
Other Asia Pacific,2004,49.76055407373524,125.26752903249542,57.32417854423275
Total Asia Pacific,2004,395.21502465443183,790.1185564506567,3068.928765707654
Canada,2005,16.444086021505377,36.42903225806451,101.59462365591398
Mexico,2005,72.68556834978725,86.48043165021276,32.81
US,2005,131.42474946236558,818.2368322580644,2178.8571935483874
Total North America,2005,220.5544038336582,941.1462961663416,2313.261817204301
Argentina,2005,5.746,55.6996785359573,2.18
Brazil,2005,11.737390748240506,18.81127385793515,10.681764351654325
Other S. & Cent. America,2005,96.66969937578163,64.57780194479355,17.62123554491255
Total S. & Cent. America,2005,114.15309012402214,139.08875433868602,30.482999896566877
France,2005,7.925,23.069,30.705
Germany,2005,11.85872588816535,72.19164312958303,288.14260889
Italy,2005,47.124,149.259,49.443
Netherlands,2005,2.262,58.207785,26.928
Poland,2005,2.757,5.165,143.4932
Spain,2005,29.414,79.011,80.767
Turkey,2005,5.4825,73.44489999999999,43.1925
Ukraine,2005,0.586,34.157000000000004,50.013
United Kingdom,2005,5.338157313058781,152.64174212305596,134.6369879450628
Other Europe,2005,43.63729398063396,129.07814486157238,271.7301003501048
Total Europe,2005,156.38467718185808,776.2252151142112,1119.0513971851676
Kazakhstan,2005,2.6341910002650395,7.261796778761813,50.16777212097313
Russian Federation,2005,21.25445262513165,440.0667401098988,165.73524560659138
Other CIS,2005,9.109377138888291,101.525177260415,2.156177055555042
Total CIS,2005,32.99802076428498,548.8537141490757,218.05919478311955
Iran,2005,37.40267014824913,124.58442985175088,0.5710000000000001
Saudi Arabia,2005,83.12307298667109,107.93188292579396,0.0
United Arab Emirates,2005,0.0029038616714697,60.69509613832853,0.0
Other Middle East,2005,93.8416288933428,90.0708949066572,36.13
Total Middle East,2005,214.37027588993448,383.28230382253054,36.701
Egypt,2005,15.002601132104774,76.7896031689705,0.0
South Africa,2005,0.0,0.0859389963050082,228.8901666526074
Other Africa,2005,37.56585041910558,74.85069999999999,19.989484968030418
Total Africa,2005,52.56845155121035,151.7262421652755,248.87965162063784
Australia,2005,2.9495,23.2644,182.97535
China,2005,50.513,12.142,1980.147939393939
India,2005,25.366,75.467,478.485
Indonesia,2005,36.68780196648336,21.696998033516653,51.825
Japan,2005,182.59453933147333,249.87068882090372,315.1350003162182
Malaysia,2005,2.66625,63.89125,25.231
South Korea,2005,23.61340015408795,64.0625234119628,149.3715749641842
Taiwan,2005,17.20078167,38.915808187,120.044189019
Thailand,2005,7.81685,94.46762246600002,20.614304654
Vietnam,2005,2.1670000000000003,22.319,11.007
Other Asia Pacific,2005,51.03346952167501,134.53863166590256,59.79766392740363
Total Asia Pacific,2005,402.6085926437197,800.6359225852857,3394.6340222747463
Canada,2006,10.318279569892471,39.762365591397845,94.36451612903224
Mexico,2006,53.83852341782679,116.05747658217322,31.737
US,2006,68.9961440860215,877.8933010752688,2155.578433333333
Total North America,2006,133.15294707374076,1033.71314324884,2281.6799494623656
Argentina,2006,8.036,56.39931298841356,1.994
Brazil,2006,12.396898225013796,18.258215,10.465851
Other S. & Cent. America,2006,100.72202927695564,63.083540480956536,23.21821836679789
Total S. & Cent. America,2006,121.15492750196942,137.7410684693701,35.67806936679789
France,2006,7.133,21.76,26.404
Germany,2006,10.783460446835196,74.72628431702626,288.93254471000006
Italy,2006,45.875,158.079,50.458
Netherlands,2006,2.095,57.075274,26.508
Poland,2006,2.908,4.58,148.87920000000005
Spain,2006,24.158,90.57,67.978
Turkey,2006,4.3404,80.6912,46.6495
Ukraine,2006,0.6950000000000001,24.45,64.94200000000001
United Kingdom,2006,6.173006517381215,140.82823702306354,148.850020961325
Other Europe,2006,39.870543417171845,136.80114113813875,292.57655107656814
Total Europe,2006,144.03141038138824,789.5611364782287,1162.177816747893
Kazakhstan,2006,6.574171903275995,8.004426858651724,49.32179203807228
Russian Federation,2006,24.23687220373619,455.2484207791563,177.77253465513502
Other CIS,2006,10.43600605555482,106.0174880905279,2.8115293333326377
Total CIS,2006,41.24705016256701,569.2703357283359,229.90585602653996
Iran,2006,49.11074013940838,125.12085986059162,0.5640000000000001
Saudi Arabia,2006,91.76326971623166,104.54817220260686,0.0
United Arab Emirates,2006,0.0030405403458213,62.43495945965418,0.0
Other Middle East,2006,92.1805404004684,108.00084859953162,35.737
Total Middle East,2006,233.05759079645424,400.1048401223843,36.301
Egypt,2006,15.210614640894212,83.05987460641761,0.0
South Africa,2006,0.0,0.0195363899832334,237.4717443775613
Other Africa,2006,40.14637647981163,81.4584,18.503699195883183
Total Africa,2006,55.35699112070586,164.53781099640082,255.9754435734445
Australia,2006,2.9755000000000003,27.2879,185.76435
China,2006,37.917,23.819,2302.4211818181816
India,2006,19.07686913964262,74.70422107875581,505.4645697816016
Indonesia,2006,34.1817497553018,23.948450244698208,58.667
Japan,2006,152.30667378557231,276.5795801212871,307.4925410309023
Malaysia,2006,2.287868,67.388112,26.626
South Korea,2006,21.27343438771415,74.30073437366742,152.86904129582538
Taiwan,2006,19.846587052000004,40.109722067,124.048803465
Thailand,2006,7.885362,94.43845636,24.468379552
Vietnam,2006,1.404,24.502,12.235
Other Asia Pacific,2006,58.47060983408913,137.49810212534516,61.251738666961465
Total Asia Pacific,2006,357.62565395432006,864.5762783707537,3761.308605610472
Canada,2007,12.008602150537635,42.2494623655914,104.57634408602148
Mexico,2007,51.5414570024524,128.7855429975476,31.566
US,2007,70.68707311827957,964.0750440860214,2182.697782795699
Total North America,2007,134.23713227126962,1135.1100494491604,2318.84012688172
Argentina,2007,10.97,60.17533855409158,2.341
Brazil,2007,13.297880156332967,15.496593949181264,10.078109134642665
Other S. & Cent. America,2007,110.57032279616992,64.33461526175054,26.302174331263448
Total S. & Cent. America,2007,134.83820295250288,140.00654776502338,38.72128346590611
France,2007,6.163,21.987,28.197
Germany,2007,9.82719249826714,77.45467275421194,297.11080033
Italy,2007,35.409,172.64600000000002,49.757
Netherlands,2007,2.219,60.888077,28.466
Poland,2007,2.794,4.483,145.9615
Spain,2007,18.832,94.799,74.08500000000001
Turkey,2007,6.526800000000001,95.0248,53.4309
Ukraine,2007,0.639,22.448,70.037
United Kingdom,2007,5.0482968689717485,165.79308325185224,135.9439242275643
Other Europe,2007,37.438028827698666,142.40414633032037,295.06307766891086
Total Europe,2007,124.89631819493756,857.9277793363842,1178.0522022264754
Kazakhstan,2007,7.153355606931474,5.049662858871499,56.24652203419704
Russian Federation,2007,17.31984791730171,489.1374689203707,170.72220522220871
Other CIS,2007,6.268730055555021,107.95421333333456,2.7296026111104403
Total CIS,2007,30.741933579788206,602.1413451125767,229.6983298675162
Iran,2007,45.70159543124554,138.75440456875447,0.5750000000000001
Saudi Arabia,2007,101.724925662942,102.70881703225209,0.0
United Arab Emirates,2007,0.0031772190201729,78.75782278097982,0.0
Other Middle East,2007,100.26054407110564,115.72425792889436,37.249
Total Middle East,2007,247.6902423843133,435.9453023108807,37.824000000000005
Egypt,2007,15.774240940911003,89.21160314511052,0.0
South Africa,2007,1.153,0.0859389963050082,244.61584132781095
Other Africa,2007,41.80431283733352,85.681,17.948922378897574
Total Africa,2007,58.73155377824452,174.97854214141552,262.56476370670856
Australia,2007,3.4755000000000003,33.40285000000001,185.48615
China,2007,28.094,33.907000000000004,2656.7017070707075
India,2007,13.36339,90.0469375,533.26517
Indonesia,2007,35.39404241435565,24.801957585644374,63.902
Japan,2007,182.6729091865164,292.82188179181446,313.0113612018818
Malaysia,2007,2.7134750000000003,67.945414,30.856
South Korea,2007,22.59356387874137,83.94615962369016,169.96411497295853
Taiwan,2007,16.823862699000003,45.033233559,128.462814509
Thailand,2007,2.994809,98.243470633,30.881112347
Vietnam,2007,2.656,26.618,12.357
Other Asia Pacific,2007,63.82577980788999,141.1114127300156,63.255274578152445
Total Asia Pacific,2007,374.6073319865035,937.8783174231648,4188.142704679701
Canada,2008,9.778494623655911,38.63333333333333,98.26129032258063
Mexico,2008,52.876,131.273,21.343
US,2008,49.72323870967742,949.4415043010752,2147.8581967741934
Total North America,2008,112.37773333333334,1119.3478376344085,2267.4624870967737
Argentina,2008,14.37,65.41147725617337,1.937
Brazil,2008,17.460723127180856,28.77826547129201,11.958453818146594
Other S. & Cent. America,2008,111.75830243215148,62.835809742477984,26.488441196881748
Total S. & Cent. America,2008,143.5890255593323,157.0255524699434,40.38389501502834
France,2008,5.348,21.884,26.434
Germany,2008,9.499675829133322,88.47563398525938,275.20795783
Italy,2008,31.459,172.697,48.617
Netherlands,2008,2.065,64.563171,26.814
Poland,2008,2.726,4.679,140.612
Spain,2008,18.309,120.798,49.973
Turkey,2008,7.5185,98.6853,57.7156
Ukraine,2008,0.982,19.313,70.629
United Kingdom,2008,6.7087710343056175,176.21901877964078,124.38136295716068
Other Europe,2008,34.56163042274748,142.98617726512472,280.1890865447835
Total Europe,2008,119.17757728618643,910.300301030025,1100.5730073319442
Kazakhstan,2008,3.0808860975750334,8.208360817110625,61.598716485314334
Russian Federation,2008,16.095041855316726,494.4408051723094,196.6395547684868
Other CIS,2008,3.673495555555325,117.32446605555634,2.6749843888883387
Total CIS,2008,22.849423508447085,619.9736320449764,260.9132556426894
Iran,2008,67.39665546546682,135.05934453453318,0.39
Saudi Arabia,2008,103.49155208083624,100.70844791916376,0.0
United Arab Emirates,2008,0.0032959726224783,80.45970402737753,0.0
Other Middle East,2008,103.3316538356116,133.5561001643884,35.35
Total Middle East,2008,274.22315735453714,449.78359664546286,35.74
Egypt,2008,17.90779855214912,94.85729822204442,0.0
South Africa,2008,0.143,0.0859389963050082,240.52764149148888
Other Africa,2008,45.42496887044503,89.74340000000001,17.06060826599042
Total Africa,2008,63.47576742259415,184.68663721834943,257.58824975747933
Australia,2008,3.723,36.3081,184.23995
China,2008,18.809,34.566,2708.913
India,2008,15.266355,85.88126000000001,573.1229875
Indonesia,2008,40.28728786296898,27.763132137031,61.49334
Japan,2008,170.04617862021144,322.1651639097887,330.96815429288137
Malaysia,2008,2.504106,71.480844,31.029
South Korea,2008,13.6972396879602,81.03699252316923,189.89971446670157
Taiwan,2008,15.038686694,48.511804121,122.201790846
Thailand,2008,1.013365,104.457920965,30.837639902000003
Vietnam,2008,1.569,31.062,12.288300000000005
Other Asia Pacific,2008,64.24489571022845,143.45542415568167,62.62996133636115
Total Asia Pacific,2008,346.19911457536904,986.6886418116708,4307.623838343945
Canada,2009,9.770967741935484,44.05483870967742,82.45483870967742
Mexico,2009,48.777,138.156,29.442
US,2009,41.86722043010752,990.2996569892472,1899.5014623655916
Total North America,2009,100.415188172043,1172.5104956989246,2011.3983010752688
Argentina,2009,14.276,61.70198519567564,1.755
Brazil,2009,14.41922589495667,13.33179,9.965511487720097
Other S. & Cent. America,2009,116.83246770487952,71.21456615123644,27.20111344797608
Total S. & Cent. America,2009,145.52769359983617,146.2483413469121,38.92162493569617
France,2009,4.724,20.503,24.019
Germany,2009,9.882357232490508,80.2720756039735,253.44594142
Italy,2009,26.02,147.27,43.446
Netherlands,2009,1.487,68.494439,26.607
Poland,2009,2.723,4.787,134.873
Spain,2009,20.07482819964318,109.58854166666666,36.8640271406818
Turkey,2009,4.803526,96.0947,55.6851
Ukraine,2009,1.694,11.688,65.19500000000001
United Kingdom,2009,5.994552762729593,166.49866362675408,103.03803071742502
Other Europe,2009,30.93555054222496,141.140754135574,264.4030027116798
Total Europe,2009,108.33881473708828,846.3371740329684,1007.5761019897866
Kazakhstan,2009,0.884234163823419,12.86040570619649,58.1053875299801
Russian Federation,2009,16.048168818936535,469.8293997766106,164.39030530012562
Other CIS,2009,7.186766249999774,104.515476611112,2.8680957638882325
Total CIS,2009,24.11916923275973,587.2052820939192,225.36378859399397
Iran,2009,65.06631853854131,149.4134814614587,0.376
Saudi Arabia,2009,123.21808629513887,94.08791370486114,0.0
United Arab Emirates,2009,0.0032242723342939,85.6884217276657,0.0
Other Middle East,2009,102.9206165344548,150.83250446554524,34.353
Total Middle East,2009,291.2082456404693,480.0223213595308,34.729
Egypt,2009,20.71679901548622,98.7385396941912,0.0
South Africa,2009,0.049,0.0067874999010757,231.9991931509154
Other Africa,2009,47.88415848137093,93.80381159,15.800262825130206
Total Africa,2009,68.64995749685716,192.54913878409232,247.7994559760456
Australia,2009,3.2474000000000003,41.1229,182.02235
China,2009,12.124,56.558880000000016,2911.5204221668005
India,2009,13.08314,104.367325,611.1145774999999
Indonesia,2009,29.742325171288744,40.39608482871126,65.91335000000001
Japan,2009,104.45609978352154,322.1584728656632,309.6131184543426
Malaysia,2009,2.6706220000000003,67.34612,37.644
South Korea,2009,18.175668900337037,70.60487440826044,208.37234011139552
Taiwan,2009,9.402803989,47.280633435000006,120.667963622
Thailand,2009,0.4933019999999999,106.34331027500002,29.808062895000003
Vietnam,2009,1.785,36.358,12.449399999999994
Other Asia Pacific,2009,69.18131243519778,143.0444651584085,63.199625650632825
Total Asia Pacific,2009,264.36167427934504,1035.5810659710437,4552.325210400171
Canada,2010,6.896774193548386,51.3021505376344,84.03118279569892
Mexico,2010,43.76321232757997,147.07175619375874,32.387
US,2010,39.85055161290322,1062.0400365591397,1998.497920430108
Total North America,2010,90.51053813403158,1260.4139432905329,2114.916103225806
Argentina,2010,16.663,63.80534449732792,3.013
Brazil,2010,15.71815077430892,36.475562536207335,11.2899712539721
Other S. & Cent. America,2010,112.52111146431116,84.24742985433085,29.61749837431669
Total S. & Cent. America,2010,144.9022622386201,184.5283368878661,43.92046962828879
France,2010,5.523,23.758,26.315
Germany,2010,8.577976593170419,88.76407639672472,262.89490302
Italy,2010,21.714,152.737,44.465
Netherlands,2010,1.253,73.57777800000001,25.8
Poland,2010,2.892,4.798,138.383
Spain,2010,17.13645970533593,97.20825416666666,24.184286952068923
Turkey,2010,2.18,98.1437,55.0464
Ukraine,2010,0.8220000000000001,15.703,69.76
United Kingdom,2010,4.805436501432261,175.6534073618575,107.5942353762891
Other Europe,2010,27.61502129001552,154.35013604130484,265.3786760922702
Total Europe,2010,92.51889408995412,884.6933519665538,1019.8215014406284
Kazakhstan,2010,0.6200039240190823,7.347046499626124,66.65742187635479
Russian Federation,2010,9.312085299990123,520.5337681613573,166.09552145796388
Other CIS,2010,1.9204433333331004,114.21331630555628,2.254046236110606
Total CIS,2010,11.852532557342307,642.0941309665398,235.00698957042928
Iran,2010,51.04517078119397,173.85097221880602,0.353
Saudi Arabia,2010,137.39171769673675,111.37770330326326,0.0
United Arab Emirates,2010,0.0032377161383285,93.92733828386169,0.0
Other Middle East,2010,103.17329126403956,169.43626873596048,34.289
Total Middle East,2010,291.6134174581086,548.5922825418914,34.642
Egypt,2010,19.939602797116084,110.10327354696994,0.0
South Africa,2010,0.197,0.8092999326509548,240.51390037491572
Other Africa,2010,45.09064912410916,107.997635564,16.92428394340978
Total Africa,2010,65.22725192122525,218.9102090436209,257.4381843183255
Australia,2010,3.1003000000000003,46.7908,176.01985
China,2010,14.856,77.72672,3233.5993499999995
India,2010,10.7799825,118.027315,642.9701325
Indonesia,2010,35.57116586410753,38.82597413589246,68.47707000000001
Japan,2010,101.16727868747526,321.85896896015424,312.74000359212675
Malaysia,2010,2.5384135000000003,65.223472,49.401
South Korea,2010,17.061931227966546,103.06534012103016,217.6333471271652
Taiwan,2010,11.130827756,60.245868749,122.35272431
Thailand,2010,0.599895,118.438151008,29.764004005000004
Vietnam,2010,2.532,44.68600000000001,15.878
Other Asia Pacific,2010,70.34990118106995,152.8752679704397,65.35424158157602
Total Asia Pacific,2010,269.6876957166193,1147.7638779445165,4934.1897231158655
Canada,2011,6.031182795698924,60.74946236559139,77.6247311827957
Mexico,2011,48.83265,153.51636513183703,33.78163
US,2011,32.454026881720424,1089.9880956989248,1876.340005376344
Total North America,2011,87.31785967741935,1304.2539231963533,1987.7463665591397
Argentina,2011,18.992,67.86065701906976,2.911
Brazil,2011,14.184790348885391,25.09528349701085,12.59632459087259
Other S. & Cent. America,2011,112.67126783007338,82.50178662896207,32.39156876952045
Total S. & Cent. America,2011,145.84805817895878,175.45772714504267,47.89889336039304
France,2011,3.156,29.498,17.776
Germany,2011,7.023097541209628,85.67059787167807,262.46982529
Italy,2011,19.885,144.53900000000002,50.168
Netherlands,2011,1.406,67.946072,24.738
Poland,2011,2.453,5.821,141.571
Spain,2011,15.171,84.517,44.927
Turkey,2011,0.9036,104.0476,66.2179
Ukraine,2011,0.555,18.451,74.49566999999999
United Kingdom,2011,3.1189469939379224,146.49898670332828,108.44227186995468
Other Europe,2011,24.09134614991905,143.96731000293286,275.4013647095192
Total Europe,2011,77.76299068506663,830.9565665779393,1066.2070318694743
Kazakhstan,2011,0.5429933407417761,7.939902625211237,70.21913883404699
Russian Federation,2011,27.47237523169491,521.296402494206,165.0109613543818
Other CIS,2011,1.6608849722220325,118.4599649166674,2.473173361110554
Total CIS,2011,29.67625354465872,647.6962700360846,237.70327354953932
Iran,2011,81.8053694524889,142.331890580298,0.425
Saudi Arabia,2011,143.54327945965164,115.60398854034838,0.0
United Arab Emirates,2011,0.00311,99.113194,0.0
Other Middle East,2011,107.85277839738376,164.66320460261625,35.191
Total Middle East,2011,333.20453730952426,521.7122777232627,35.616
Egypt,2011,17.37867407050444,117.45479904777513,0.0
South Africa,2011,0.709,0.8779420365579095,241.49393376057697
Other Africa,2011,39.41345705239402,118.18276346100002,18.69195711096713
Total Africa,2011,57.501131122898464,236.51550454533307,260.18589087154413
Australia,2011,2.89815,48.7839,171.9845
China,2011,12.13,108.7669,3690.8661
India,2011,9.3527675,117.55915,701.25486
Indonesia,2011,41.1545791843393,39.16150081566069,81.08997000000001
Japan,2011,160.87688838412575,375.1785744563121,281.57710650862055
Malaysia,2011,9.403105999999998,55.7324634,52.302
South Korea,2011,15.278973379991648,114.31186798508288,222.87693506127937
Taiwan,2011,9.487809297,64.205590882,124.467954219
Thailand,2011,1.3308700000000002,108.261322207,31.711729168
Vietnam,2011,0.728862973760933,39.65014577259476,19.941690962099127
Other Asia Pacific,2011,68.97054290156312,151.10252421741654,70.2506985153126
Total Asia Pacific,2011,331.6125496207808,1222.7139397360663,5448.323544434313
Canada,2012,6.208602150537634,61.5494623655914,67.49139784946236
Mexico,2012,55.73320079504319,154.60024204798407,34.233000000000004
US,2012,24.934991397849465,1318.1657795698925,1640.7962688172042
Total North America,2012,86.87679434343029,1534.315483983468,1742.5206666666666
Argentina,2012,19.212,76.22908723286581,2.644
Brazil,2012,18.786203433913908,46.76016462295105,14.471256753892376
Other S. & Cent. America,2012,115.47809895891402,89.78837577773098,39.42996768860179
Total S. & Cent. America,2012,153.47630239282788,212.7776276335479,56.54522444249417
France,2012,6.934483646904977,24.83994142174917,18.00895753076815
Germany,2012,7.474523917388644,75.94881499004241,277.12728223
Italy,2012,18.89,129.058,54.141
Netherlands,2012,1.059,54.057456,27.313
Poland,2012,2.045,6.26,136.416
Spain,2012,15.321,73.308,55.991
Turkey,2012,1.6386999999999998,104.4992,68.01310000000001
Ukraine,2012,0.535,16.039,80.41717000000001
United Kingdom,2012,2.8912342340003656,100.16957002060948,142.79200183473648
Other Europe,2012,22.87773872241199,125.26220308399871,255.5122849474959
Total Europe,2012,79.66668052070598,709.4421855163998,1115.7317965430009
Kazakhstan,2012,0.7159897980147224,14.632493545549856,67.62546284100522
Russian Federation,2012,28.10120528168976,526.1110016135101,169.16300707789912
Other CIS,2012,2.068438305555393,120.94361256615132,3.104708673819736
Total CIS,2012,30.885633385259872,661.6871077252114,239.89317859272404
Iran,2012,77.74067871548425,156.355337366483,0.4
Saudi Arabia,2012,150.1110021422111,131.49055085778892,0.0
United Arab Emirates,2012,0.00335,106.194408,0.0
Other Middle East,2012,119.79268983349608,169.2279635637642,38.76
Total Middle East,2012,347.6477206911914,563.2682597880361,39.16
Egypt,2012,21.40844928726008,126.55473888478296,0.0
South Africa,2012,1.904,1.7619719909118858,236.71548427166843
Other Africa,2012,46.617053062146205,133.17358017830136,19.34150018623595
Total Africa,2012,69.92950234940628,261.4902910539962,256.0569844579044
Australia,2012,3.5834,49.8125,165.38415
China,2012,10.937,110.2518828,3748.1943108
India,2012,10.07066,96.25333249999998,787.1302049999999
Indonesia,2012,26.73665210440455,48.92332789559544,102.16626
Japan,2012,205.5944510783413,430.9270733399942,330.798435062306
Malaysia,2012,6.623403800000001,60.991627300000005,55.615
South Korea,2012,19.85328569764674,126.99567752204382,221.6027610408014
Taiwan,2012,7.623249642,66.292064552,122.437382816
Thailand,2012,1.362718,119.3684492065,34.582607565
Vietnam,2012,0.105,40.382,21.251
Other Asia Pacific,2012,82.37664487567424,164.60443132798233,74.8780509180471
Total Asia Pacific,2012,374.86646519806686,1314.8023664441157,5664.040163202154
Canada,2013,6.475268817204301,58.63010752688172,68.59247311827957
Mexico,2013,47.68046998556975,165.77840073631884,31.73757
US,2013,29.20907956989247,1209.5006021505376,1713.9437129032256
Total North America,2013,83.36481837266652,1433.909110413738,1814.273756021505
Argentina,2013,20.827,74.70170677221859,2.378
Brazil,2013,25.524509871709768,69.00273405280467,21.97041629813765
Other S. & Cent. America,2013,110.08521157417096,102.9670218307968,47.87902207396832
Total S. & Cent. America,2013,156.43672144588066,246.67146265582005,72.22743837210596
France,2013,4.031819959067479,21.114004522484954,21.114004522484954
Germany,2013,7.048229382915134,67.00201111049309,288.203233
Italy,2013,15.482,108.876,48.53
Netherlands,2013,1.203,54.028719,27.539
Poland,2013,1.782,5.2700000000000005,139.758
Spain,2013,13.853901528604698,57.09432729595094,41.571369967933165
Turkey,2013,1.738826,105.116347,63.786076
Ukraine,2013,0.39,13.983,81.00988999999998
United Kingdom,2013,2.0662533180368707,95.84293549002044,130.25789114914775
Other Europe,2013,19.90745291213957,105.92138544361607,246.027557213034
Total Europe,2013,67.50348310076376,634.2487298625658,1087.7970218526
Kazakhstan,2013,0.5350098300045097,15.34080599079487,69.00380527920062
Russian Federation,2013,8.705777227469422,529.9604388181575,161.8718578536458
Other CIS,2013,0.6908743333331944,123.15957925000124,4.765235916665558
Total CIS,2013,9.931661390807127,668.4608240589536,235.64089904951197
Iran,2013,101.58885600389868,137.685774946921,0.459
Saudi Arabia,2013,155.88157151390212,138.8040134860979,0.0
United Arab Emirates,2013,0.00313,109.90538198325817,0.0
Other Middle East,2013,122.6780045419646,180.1953314580354,32.1557
Total Middle East,2013,380.1515620597654,566.5905018743124,32.614700000000006
Egypt,2013,27.058892192207413,123.16642501209368,0.0
South Africa,2013,3.621,2.9789559136191786,230.68842991079643
Other Africa,2013,50.495347288122055,142.30738219000003,21.28235153032197
Total Africa,2013,81.17523948032942,268.45276311571286,251.9707814411184
Australia,2013,4.7383500000000005,52.72365,155.4474
China,2013,10.013,116.3884582,4077.3667421
India,2013,10.65009381482104,66.31057767779839,847.9688011812017
Indonesia,2013,20.362,58.04877,111.25151
Japan,2013,164.96002041529567,419.7163444853332,359.2459692021313
Malaysia,2013,3.03126,71.17396000000001,53.66336
South Korea,2013,19.92580880007586,141.43700747242286,222.2302745907309
Taiwan,2013,6.818142008000001,68.389000639,121.451998279
Thailand,2013,1.417583,119.2178991975,35.352193419
Vietnam,2013,0.728862973760933,41.74927113702624,24.02332361516035
Other Asia Pacific,2013,63.47931456467456,162.85490545782164,80.47670559970362
Total Asia Pacific,2013,306.124435576628,1318.0098442669023,6088.478277986927
Canada,2014,4.543010752688171,62.09247311827957,66.2247311827957
Mexico,2014,32.48865622436442,173.73460262697526,33.77846
US,2014,32.50737849462366,1211.4356086021503,1713.6904688172044
Total North America,2014,69.53904547167626,1447.262684347405,1813.69366
Argentina,2014,19.075,76.16418894117456,2.544
Brazil,2014,34.05576590008084,81.07311399073271,26.897852126234493
Other S. & Cent. America,2014,115.19350922440384,100.41803224740843,45.181894511905625
Total S. & Cent. America,2014,168.32427512448464,257.6553351793157,74.62374663814012
France,2014,2.351939311136363,15.791592517629867,9.407757244545452
Germany,2014,5.528872987866542,60.61103816606074,274.40964408
Italy,2014,14.163,93.637,46.559
Netherlands,2014,1.906,50.99198200000001,32.42
Poland,2014,1.594,5.328,131.55100000000002
Spain,2014,14.121,47.27300000000001,45.29500000000001
Turkey,2014,2.1452890000000004,120.576031,76.262682
Ukraine,2014,0.216,12.714,70.48582999999999
United Kingdom,2014,1.9200519743410287,100.8920207256628,100.23886944869388
Other Europe,2014,19.205183698008412,88.99213596512806,230.5972905541452
Total Europe,2014,63.151336971352336,596.8068003744816,1017.2270733273846
Kazakhstan,2014,1.4244172124275425,20.23655145656793,64.70493913100454
Russian Federation,2014,10.730216904726134,534.8496316129177,158.701542165864
Other CIS,2014,0.8758743333331943,131.00183640266644,4.74088875
Total CIS,2014,13.03050845048687,686.0880194721522,228.14737004686853
Iran,2014,64.27964414013765,191.997536663141,0.53
Saudi Arabia,2014,175.67266088263213,152.4839081173679,0.0
United Arab Emirates,2014,0.00407,116.2294235342126,0.0
Other Middle East,2014,129.45163922612576,196.18001127387424,30.155400000000004
Total Middle East,2014,369.40801424889554,656.8908795885958,30.685400000000005
Egypt,2014,31.839490998561903,124.64011115197574,0.0
South Africa,2014,3.709,3.1,226.7547684
Other Africa,2014,51.10276931335029,149.37386232799997,25.847520727440305
Total Africa,2014,86.65126031191221,277.1139734799757,252.60228912744037
Australia,2014,5.920425,53.655407,155.22915
China,2014,9.517,133.28257000000002,4203.05879
India,2014,11.345832415607768,64.01464494815151,949.9307583627196
Indonesia,2014,23.03884,60.53723,119.53201
Japan,2014,121.47859015077456,447.69375665556254,353.0864074077378
Malaysia,2014,3.49,73.836,55.827
South Korea,2014,13.412373571066334,128.70614383631354,223.2952938112281
Taiwan,2014,8.013870948,73.07015473599999,123.447382522
Thailand,2014,1.669025436,120.3141607585,37.57191758698999
Vietnam,2014,0.6997084548104957,43.381924198250736,34.86880466472303
Other Asia Pacific,2014,67.6351584722307,169.35901934317147,85.80244782440333
Total Asia Pacific,2014,266.22082444848985,1367.8510114759497,6341.649962179801
Canada,2015,4.778494623655914,65.00537634408602,62.11827956989247
Mexico,2015,31.225818528527903,185.54711867211105,33.76356
US,2015,30.37499892473118,1435.1268849462365,1468.2955860215054
Total North America,2015,66.379312076915,1685.6793799624336,1564.177425591398
Argentina,2015,21.956,79.10969718141862,2.387
Brazil,2015,28.29293616822331,79.48956319293099,26.981953298649398
Other S. & Cent. America,2015,109.97285516368048,113.27387926412484,45.23507491565908
Total S. & Cent. America,2015,160.2217913319038,271.87313963847447,74.60402821430849
France,2015,2.65777410982834,24.362929340093118,9.52369056021822
Germany,2015,6.082619834667313,61.47237204839762,272.19979958000005
Italy,2015,13.9253,110.86,45.421
Netherlands,2015,1.316141,45.813178,42.234173000000006
Poland,2015,2.118,5.973,132.962
Spain,2015,17.240999999999996,52.498,52.676
Turkey,2015,2.223939724,99.218700953,76.16560654000001
Ukraine,2015,0.746,10.102,56.53068
United Kingdom,2015,2.037106450916657,99.8754151474872,75.87822484677024
Other Europe,2015,18.933784674062792,102.3755823913312,229.0982913067024
Total Europe,2015,67.2816657934751,612.5511778803092,992.689465833691
Kazakhstan,2015,1.9323884451069628,19.024517171995008,61.24065138289803
Russian Federation,2015,10.102107317272068,529.754627719022,158.5516843351303
Other CIS,2015,2.3827743333331943,132.2312565868388,5.54205125
Total CIS,2015,14.417270095712224,681.0104014778557,225.3343869680283
Iran,2015,56.26385101867299,206.605974719032,0.462
Saudi Arabia,2015,185.2619462986672,165.33281270133284,0.0
United Arab Emirates,2015,0.00336,127.0790738273767,0.0
Other Middle East,2015,124.54064275116278,216.8295802488372,29.216
Total Middle East,2015,366.0698000685029,715.8474414965789,29.678
Egypt,2015,36.40951374890199,129.8068679715281,0.0
South Africa,2015,3.936,0.0,224.431472
Other Africa,2015,54.02909750149969,158.43114318599996,27.165903193548385
Total Africa,2015,94.37461125040171,288.238011157528,251.5973751935484
Australia,2015,6.162169514010925,49.70556033136226,162.20250530600362
China,2015,9.679,166.90686000000002,4046.16766
India,2015,9.12157557078991,64.76842313360238,1006.5546295333322
Indonesia,2015,30.9109,54.13620999999999,124.65749
Japan,2015,103.55988996424854,413.9739025371412,346.6868428235284
Malaysia,2015,1.739,69.962,63.474
South Korea,2015,12.597554026440893,119.88219943227664,230.6622750032156
Taiwan,2015,11.989157681,79.009025061,117.161583787
Thailand,2015,0.9226140345,128.524996168,34.58211124924
Vietnam,2015,0.992,48.148,56.46900000000001
Other Asia Pacific,2015,65.10286500674609,184.8495759303024,88.33472691297032
Total Asia Pacific,2015,252.77672579773636,1379.866752593685,6276.952824615291
Canada,2016,4.633333333333333,63.02795698924731,62.26129032258064
Mexico,2016,33.52271,192.8276521790855,34.44943
US,2016,26.026673118279568,1483.087012903226,1346.1893397849462
Total North America,2016,64.18271645161289,1738.9426220715588,1442.9000601075268
Argentina,2016,20.722624657534244,84.28144836156335,1.9303068493150688
Brazil,2016,14.60078315224221,56.48488883728975,25.6728576125476
Other S. & Cent. America,2016,103.89439286840224,120.18201164925225,49.689566681016025
Total S. & Cent. America,2016,139.21780067817866,260.9483488481054,77.29273114287868
France,2016,2.6913509519103176,38.00187544097368,7.751090741501716
Germany,2016,5.719408915117551,80.6168666980243,261.74513071
Italy,2016,12.4731,126.148,38.44
Netherlands,2016,1.255923,52.53119,39.544496
Poland,2016,2.302,7.831,132.933
Spain,2016,16.763163820000003,52.830660254567086,37.38211646
Turkey,2016,1.9263,89.22710000000001,92.2731
Ukraine,2016,1.6145,9.831,61.28799999999999
United Kingdom,2016,1.8903489820115496,143.129117686903,30.668596979785317
Other Europe,2016,19.3355723816985,116.07920683210628,221.93966558885057
Total Europe,2016,65.97166805073793,716.2260169125742,923.9651964801376
Kazakhstan,2016,2.73514682901956,20.76185458116481,59.15937278981564
Russian Federation,2016,10.968449007054604,521.8093609129293,171.45001851900645
Other CIS,2016,3.6967934760324392,133.32491371574838,4.031035034246576
Total CIS,2016,17.400389312106604,675.8961292098425,234.64042634306867
Iran,2016,38.26096643009651,225.314987416898,0.488
Saudi Arabia,2016,169.05218540744167,188.5615935925584,0.0
United Arab Emirates,2016,0.0034,129.29358617812653,0.0
Other Middle East,2016,120.55545096162788,240.45998003837207,24.2052
Total Middle East,2016,327.8720027991661,783.6301472259549,24.6932
Egypt,2016,33.88964170079171,138.47365399813302,0.0
South Africa,2016,0.029,0.0,226.287508
Other Africa,2016,47.47983091151999,164.68524824835026,26.984258859623655
Total Africa,2016,81.39847261231165,303.15890224648325,253.27176685962365
Australia,2016,5.718234748241869,48.11049892356512,162.3565069246641
China,2016,10.367,188.2802,4156.350123
India,2016,9.304666668852974,72.623985775791,1073.604177665619
Indonesia,2016,20.79903,61.7888,135.38033
Japan,2016,92.18604086021506,434.63889049181154,321.0184814232122
Malaysia,2016,1.184,65.234,69.153
South Korea,2016,16.99565435712349,128.0385989529333,230.96044679116983
Taiwan,2016,11.891291506,83.303610745,121.227607147
Thailand,2016,0.491497049,126.14959041711,37.1071562612
Vietnam,2016,1.182,45.365,68.351
Other Asia Pacific,2016,72.91851564096042,191.3044057150788,102.80619487269946
Total Asia Pacific,2016,243.0379308303938,1444.8375810212897,6478.315024085565
Canada,2017,3.756989247311828,58.83440860215053,60.126881720430106
Mexico,2017,38.86507999999999,197.699119668766,30.86101
US,2017,22.99994086021505,1395.3790623655914,1310.0045623655913
Total North America,2017,65.62201010752686,1651.9125906365075,1400.992454086021
Argentina,2017,12.046539,91.20897899590874,2.01297
Brazil,2017,15.204186702223568,65.59331591716993,22.85241105680046
Other S. & Cent. America,2017,86.96815259095251,100.60623511540427,41.94458642903081
Total S. & Cent. America,2017,114.2188782931761,257.40853002848297,66.80996748583127
France,2017,3.076570660549105,43.39025517808911,10.29059841631942
Germany,2017,5.476071070998755,86.04129599485206,241.22901880999996
Italy,2017,12.467300000000002,140.3493,35.1287
Netherlands,2017,1.165177,57.733422,34.125316
Poland,2017,2.021,10.035,133.438657
Spain,2017,15.766005,64.037,46.349
Turkey,2017,1.1999000000000002,110.49,97.4763
Ukraine,2017,1.3135,7.3805,49.32528972
United Kingdom,2017,1.6144999999999998,136.7459,22.5304
Other Europe,2017,18.47220999658464,131.36179041636566,219.69725208788884
Total Europe,2017,62.57223372813252,787.564463589307,889.5905320342083
Kazakhstan,2017,1.0575260147351548,23.88404990306117,66.5416417822037
Russian Federation,2017,6.946062042882166,516.2742027123048,174.01381216664652
Other CIS,2017,2.038725994832041,135.14354900516796,4.16372425
Total CIS,2017,10.04231405244936,675.3018016205341,244.7191781988502
Iran,2017,27.358393594085392,252.4992468485376,0.688508
Saudi Arabia,2017,172.1880458582844,222.73406014171564,0.0
United Arab Emirates,2017,0.00331,133.8202805880155,0.0
Other Middle East,2017,130.1550513360465,251.93075166395343,22.0759
Total Middle East,2017,329.70480078841626,860.9843392422224,22.764408
Egypt,2017,25.78234044107765,151.928702569675,0.0
South Africa,2017,0.118,0.0,224.218636
Other Africa,2017,47.53266881534206,175.50756568013296,28.93501612704301
Total Africa,2017,73.43300925641972,327.4362682498079,253.15365212704305
Australia,2017,5.272836310818971,55.08777152382592,159.16867308534594
China,2017,9.868982,203.2,4430.028312789474
India,2017,8.624189928896975,74.99149550809706,1115.2365985555389
Indonesia,2017,18.84849,55.83077000000001,147.96445000000003
Japan,2017,53.69832585471658,438.0958985301236,343.07718491426886
Malaysia,2017,1.695,62.131,68.866
South Korea,2017,10.034939971985462,134.27079058917704,256.19101689795457
Taiwan,2017,12.716751925,91.441694276,127.953327769
Thailand,2017,0.330299466,121.04416313699998,35.732450111
Vietnam,2017,0.15,40.347,67.714
Other Asia Pacific,2017,73.75295895764341,202.47442446180412,116.276704911514
Total Asia Pacific,2017,194.9927744150614,1478.9150080260276,6868.208719034095
Canada,2018,3.835483870967742,67.48602150537634,50.58064516129032
Mexico,2018,35.70006,215.76706925978868,29.03443
US,2018,27.124331182795697,1582.6269150537632,1250.483965591398
Total North America,2018,66.65987505376344,1865.8800058189283,1330.099040752688
Argentina,2018,7.02601,95.3457817184128,2.030864
Brazil,2018,12.151771699957637,54.62173553286389,20.80198203629213
Other S. & Cent. America,2018,79.40389023159598,97.52006030849904,43.75902068602838
Total S. & Cent. America,2018,98.5816719315536,247.4875775597758,66.5918667223205
France,2018,1.943175976820372,33.46580848968418,6.15339059326451
Germany,2018,5.093027905057704,81.56329869684495,228.15544600000004
Italy,2018,11.674,128.5376,30.9901
Netherlands,2018,1.323147,57.630056,30.386626
Poland,2018,1.8,12.634,133.007579
Spain,2018,14.498979530000002,58.00200147,38.71629685
Turkey,2018,0.3291,92.4828,113.2486
Ukraine,2018,1.221,10.5705,49.060099999999984
United Kingdom,2018,1.5732,131.48970000000003,16.831500000000005
Other Europe,2018,17.763005488993546,126.44285078644094,207.95995890700004
Total Europe,2018,57.218635900871625,732.81861544297,854.5095973502645
Kazakhstan,2018,1.0234640631878218,23.55435376841699,71.78564686839518
Russian Federation,2018,7.948117024089138,523.722463741208,176.60786159941142
Other CIS,2018,0.862429,147.95595300000002,4.7705332500000015
Total CIS,2018,9.83401008727696,695.232770509625,253.16404171780655
Iran,2018,27.698172867560174,266.29063308325954,0.641561
Saudi Arabia,2018,147.9334840908315,226.6848197514593,0.0
United Arab Emirates,2018,0.00322,134.81295821046095,0.0
Other Middle East,2018,127.99826014767442,274.2918780523256,20.6429
Total Middle East,2018,303.63313710606616,902.0802890975056,21.284461
Egypt,2018,15.750089621691416,167.18478672239462,0.0
South Africa,2018,1.202,0.0,226.446666
Other Africa,2018,46.96340890050377,176.2252065753918,33.76447418520501
Total Africa,2018,63.91549852219517,343.4099932977865,260.211140185205
Australia,2018,4.901193668162214,51.464721987500496,156.55554483019833
China,2018,10.861873,215.5,4763.917255000001
India,2018,6.197143454572963,71.25670685097678,1198.860850358686
Indonesia,2018,17.945240000000002,57.44745,160.01287
Japan,2018,49.10711421177684,419.1512779691117,339.24442382355056
Malaysia,2018,0.929,64.053,77.286
South Korea,2018,10.759888961208969,162.28579997837622,253.59182771455897
Taiwan,2018,8.171444649,92.408983522,131.26297631699998
Thailand,2018,0.177198575,116.265176074,35.796423680000004
Vietnam,2018,0.751,40.701,91.654
Other Asia Pacific,2018,55.14551888723803,222.5619205607862,135.33016412758815
Total Asia Pacific,2018,164.94661540695895,1513.0960369427517,7343.512335851583
Canada,2019,3.2623655913978493,69.66989247311828,47.88602150537634
Mexico,2019,34.79453,208.4072105914584,32.681850000000004
US,2019,19.721229032258066,1708.0998279569892,1051.1267806451613
Total North America,2019,57.77812462365591,1986.176931021566,1131.6946521505376
Argentina,2019,3.424665,91.3110142551714,1.167132
Brazil,2019,11.33587202412081,65.95794453219106,21.677107821821288
Other S. & Cent. America,2019,79.68456189061229,95.3918876390406,49.40578728062361
Total S. & Cent. America,2019,94.44509891473312,252.66084642640303,72.25002710244492
France,2019,2.068415281851685,41.694897523641856,1.6329594330408042
Germany,2019,4.774889912510967,89.998575,171.44949
Italy,2019,11.822400000000002,141.687,21.291300000000003
Netherlands,2019,1.422723,70.71936900000001,20.049871
Poland,2019,1.7690150000000002,14.797395000000002,120.45150900000002
Spain,2019,12.294070090000002,83.16327629,14.12822737
Turkey,2019,0.33600401901,57.28820093937589,112.89412366644
Ukraine,2019,0.467,11.927,45.5293
United Kingdom,2019,1.9878,133.0886,6.9152
Other Europe,2019,17.545670515156573,135.89723893768092,175.3491471727316
Total Europe,2019,54.48798781852923,780.2615526906986,689.6911276422125
Kazakhstan,2019,0.8687530011822162,23.462691390584578,71.05473640823321
Russian Federation,2019,8.525889264578352,512.3289922400077,187.5464776439321
Other CIS,2019,1.1720609657122365,148.08587896887124,4.9077922239530585
Total CIS,2019,10.566703231472804,683.8775625994637,263.5090062761183
Iran,2019,32.04356864438823,244.5088694758304,0.8137690000000001
Saudi Arabia,2019,154.7884164221597,223.53547535866295,0.0
United Arab Emirates,2019,0.0030499999999999,134.79520785644087,0.0
Other Middle East,2019,132.06850963628168,291.20189243123554,21.9324
Total Middle East,2019,318.90354470282966,894.0414451221698,22.746169
Egypt,2019,8.219240867699808,171.7955387021927,0.0
South Africa,2019,1.328,0.0,220.23186
Other Africa,2019,45.71071519157611,187.55942450966285,38.29145312692752
Total Africa,2019,55.25795605927589,359.35496321185553,258.52331312692746
Australia,2019,4.727208425983439,55.71058498626213,149.84061117562015
China,2019,10.528831,232.5,4855.192995
India,2019,2.8763306221872407,71.94891137660096,1198.760420022964
Indonesia,2019,10.582,62.319,174.493
Japan,2019,35.37407766564571,391.9210833822573,329.7206699413516
Malaysia,2019,1.01,72.28,76.411
South Korea,2019,8.083548116747323,154.38748683848067,241.0804812748325
Taiwan,2019,5.849599068,91.145472419,126.407505452
Thailand,2019,1.1248018300000002,121.840620661,35.825220458
Vietnam,2019,2.213,42.507,120.157
Other Asia Pacific,2019,45.31477837094696,233.3538651764224,151.2040570696777
Total Asia Pacific,2019,127.68417509951068,1529.9140248400238,7459.092960394448
Canada,2020,4.448251612903225,73.15824838709678,38.65456666666667
Mexico,2020,20.645958298576684,205.586527640467,18.95096565909397
US,2020,18.64625268817204,1749.2361720430106,844.3133064516128
Total North America,2020,43.74046259965195,2027.9809480705744,901.9188387773736
Argentina,2020,7.061549896999999,88.71764924729335,1.640872173
Brazil,2020,12.02597229065925,59.48046013014663,17.745773756998666
Other S. & Cent. America,2020,71.08742232114568,92.15729450760456,50.14365427147639
Total S. & Cent. America,2020,90.17494450880494,240.3554038850445,69.53030020147507
France,2020,1.7210243996446313,37.00202459235957,1.398332324711263
Germany,2020,4.711144377467353,94.99696732662252,134.586795
Italy,2020,11.4399,133.6828,15.0761
Netherlands,2020,1.351299,72.524079,10.102059
Poland,2020,1.7499870000000002,17.287546000000003,109.370082
Spain,2020,10.703578599999998,69.7394462359748,6.14963734
Turkey,2020,0.322660145717,70.93133310408813,105.81200408666898
Ukraine,2020,0.252,14.1948,40.1991969
United Kingdom,2020,1.5511,112.6503,5.491000000000001
Other Europe,2020,15.593074237489926,143.34229697266971,143.31015412991695
Total Europe,2020,49.395767760318925,766.3515932317147,571.4953607812973
Kazakhstan,2020,0.8943359116464771,26.624102261586334,69.1776646267672
Russian Federation,2020,7.442620417188021,465.8784641579455,174.9559633116395
Other CIS,2020,2.7291182840546524,150.1576469909557,7.578335634246573
Total CIS,2020,11.066074612889151,642.6602134104875,251.71196357265325
Iran,2020,36.917280632965856,268.23439928506696,0.799815
Saudi Arabia,2020,148.41026236527512,232.270717313616,0.0
United Arab Emirates,2020,0.00309,129.76580227683334,0.729221
Other Middle East,2020,127.31691612450815,291.51024096630107,19.0086
Total Middle East,2020,312.6475491227491,921.7811598418176,20.537636
Egypt,2020,4.765632252890734,169.25621183313078,0.0
South Africa,2020,1.457,0.0,209.3183
Other Africa,2020,38.29096335479798,187.24110431477632,36.52432444881239
Total Africa,2020,44.51359560768871,356.4973161479071,245.8426244488124
Australia,2020,4.505414,53.053288,142.93494811153047
China,2020,11.469565,252.5,4921.957555000001
India,2020,2.4863000000000004,74.79447,1143.77784
Indonesia,2020,6.764,51.276,180.869
Japan,2020,23.57065166088532,381.32458546134905,316.8918625164769
Malaysia,2020,0.846,53.691,88.875
South Korea,2020,7.145562171704631,160.79470221341933,204.87880789536572
Taiwan,2020,4.419639741999999,99.887263087,125.914413245
Thailand,2020,0.721561,113.859153366,36.823168077000005
Vietnam,2020,1.043,34.66,122.533
Other Asia Pacific,2020,41.451278396200095,227.58794053812545,151.08658771354038
Total Asia Pacific,2020,104.42297197079006,1503.4284026658936,7436.542182558916
Canada,2021,4.035052688172043,79.87268387096775,34.437665591397845
Mexico,2021,31.5036888107524,191.26277856740705,13.2338479735353
US,2021,20.61635483870968,1698.0537494623654,977.845158064516
Total North America,2021,56.15509633763412,1969.18921190074,1025.516671629449
Argentina,2021,13.093448062,89.93094444231008,2.379550841
Brazil,2021,20.24575134015844,86.95726712959944,24.236013955935704
Other S. & Cent. America,2021,68.08461454498995,104.89218856910011,46.16026638135731
Total S. & Cent. America,2021,101.42381394714836,281.78040014100964,72.775831178293
France,2021,2.0322064057299656,35.189258288692564,4.064412811459931
Germany,2021,4.553386166972679,90.31240786880164,164.652332
Italy,2021,9.285996514675055,143.9979,15.9688
Netherlands,2021,1.3437940000000002,56.69059,17.364037
Poland,2021,2.004549,15.823706,129.810213
Spain,2021,10.04435644,71.50221225,6.013934959999999
Turkey,2021,0.281488180299,111.180755000058,103.38207933966927
Ukraine,2021,0.7543992410336791,10.32082723574211,36.58456053291194
United Kingdom,2021,1.9886,123.1286,6.5143
Other Europe,2021,17.85214927202695,141.44779076128003,147.00751601170117
Total Europe,2021,50.14092522073732,799.5940474045742,631.3621856557423
Kazakhstan,2021,3.748078632951698,30.761374872519703,67.98299059452862
Russian Federation,2021,8.519969007169193,513.4127423693902,187.1413305649986
Other CIS,2021,3.751081311418549,155.7861669219148,8.65906845054645
Total CIS,2021,16.01912895153944,699.9602841638247,263.7833896100737
Iran,2021,34.28906861817711,302.1826184429666,0.839874
Saudi Arabia,2021,156.143059993109,235.96441840957368,0.0
United Arab Emirates,2021,0.00277,129.2351199146667,3.013993
Other Middle East,2021,129.8623046043032,297.972250029346,17.174200000000003
Total Middle East,2021,320.2972032155893,965.354406796553,21.028067
Egypt,2021,9.480298203437966,175.78771452774484,0.0
South Africa,2021,3.2,0.0,206.1593
Other Africa,2021,40.487397277385895,200.09184288464428,37.4369094354924
Total Africa,2021,53.167695480823895,375.8795574123892,243.5962094354924
Australia,2021,4.707499,47.631014,137.39818317288405
China,2021,11.406793,287.1,5333.866927000001
India,2021,2.30568,60.40166000000001,1255.55688
Indonesia,2021,6.648000000000001,56.265,189.684
Japan,2021,29.039283206734567,358.2788804716702,323.4345327427085
Malaysia,2021,1.140395050633242,60.96415069961854,79.3817717361155
South Korea,2021,8.926921590466904,178.67097296051352,209.89649854565693
Taiwan,2021,5.331132907,108.358800435,128.846301504
Thailand,2021,0.7163720000000001,113.11285948500002,36.064624767000005
Vietnam,2021,0.002,26.311,118.031
Other Asia Pacific,2021,50.81119561297594,233.56728364233643,156.4081661120505
Total Asia Pacific,2021,121.03527236781063,1530.6616216941388,7968.568885580417
Canada,2022,5.245301075268817,84.68688172043011,26.23369032258064
Mexico,2022,32.665235091889386,192.14370854029005,21.36240133004281
US,2022,24.657249462365588,1814.0502322580644,906.7031204301076
Total North America,2022,62.56778562952379,2090.8808225187845,954.299212082731
Argentina,2022,16.118075564999998,76.64923770549922,2.34515674
Brazil,2022,10.139352796247294,42.11019802939957,14.19895705546942
Other S. & Cent. America,2022,68.53337039892197,114.36926183776484,37.04456912148879
Total S. & Cent. America,2022,94.79079876016928,233.12869757266367,53.58868291695822
France,2022,2.354297616013747,47.08595232027493,3.10339231201812
Germany,2022,5.720325962843889,79.05388525019563,179.95120799909384
Italy,2022,12.8325,141.4453,24.2209
Netherlands,2022,1.595188,47.749073,17.399878
Poland,2022,2.352608,11.354846,126.654648
Spain,2022,10.58926587,85.97490325999999,8.69633435
Turkey,2022,0.392888739,75.05865277771,113.71945394
Ukraine,2022,0.5250927028906196,7.183717552336464,24.31274785451715
United Kingdom,2022,2.2107,124.9787,5.5762
Other Europe,2022,19.50596714701435,129.8204329577034,155.1185009483876
Total Europe,2022,58.07883403776261,749.7054631182202,658.7532634040167
Kazakhstan,2022,2.435140313615108,32.71987385550429,65.00971433088063
Russian Federation,2022,6.975041278814412,527.148675766644,198.61365489609955
Other CIS,2022,2.287428248368581,163.1091400736954,8.512890350546447
Total CIS,2022,11.6976098407981,722.9776896958438,272.13625957752663
Iran,2022,30.205720835460056,313.4242436465693,0.907283378601695
Saudi Arabia,2022,152.9968750446626,245.9833656363645,0.0
United Arab Emirates,2022,0.00277,125.46459453798688,0.0
Other Middle East,2022,124.73161404405916,306.910913996024,17.723499999999998
Total Middle East,2022,307.9369799241818,991.7831178169448,18.63078337860169
Egypt,2022,16.243610352143694,176.27981605108215,0.0
South Africa,2022,3.6,0.0,197.1793
Other Africa,2022,43.963855724519085,203.25921491426024,40.25704021617025
Total Africa,2022,63.80746607666277,379.5390309653424,237.4363402161703
Australia,2022,4.739525,50.818403,129.208153
China,2022,11.535652,275.6243341272796,5412.679408872721
India,2022,2.42854,46.48109999999999,1354.2252100000003
Indonesia,2022,6.089,56.126,205.308
Japan,2022,42.47438368131226,351.4875298273376,325.6445373782276
Malaysia,2022,1.6354950506332422,68.45096879244328,77.78369724057391
South Korea,2022,8.264394537830515,174.44952301796874,206.21879784985484
Taiwan,2022,4.449497428000001,112.005935719,121.036556825
Thailand,2022,1.7316590000000005,114.636804763,35.522711646999994
Vietnam,2022,0.056,29.217,104.04200000000002
Other Asia Pacific,2022,60.35659521131459,221.57053827616804,157.89169435003893
Total Asia Pacific,2022,143.76074190909063,1500.8681375231972,8129.560767163417
Canada,2023,4.83150091076783,89.85090502237693,23.56901639431511
Mexico,2023,33.405370294373924,204.92447770770949,27.852716808089216
US,2023,17.711460215053766,1937.701610752688,738.4026215053763
Total North America,2023,55.94833142019552,2232.4769934827746,789.8243547077806
Argentina,2023,8.985326135,75.9131814143462,1.830816357
Brazil,2023,9.765793826757964,37.7052,14.169152253762167
Other S. & Cent. America,2023,74.48587283340163,127.6327953897376,37.715396331901005
Total S. & Cent. America,2023,93.2369927951596,241.2511768040838,53.71536494266318
France,2023,1.830788017509772,32.30802383840775,0.8615473023575398
Germany,2023,4.899424107564994,77.73057601126312,127.836405347931
Italy,2023,10.623810257319748,117.50090373879532,20.04285078686307
Netherlands,2023,1.552622660229276,45.87548007311605,10.702592274325273
Poland,2023,1.9621502529027013,16.429744249239167,100.23571238911587
Spain,2023,10.718752646671508,61.68820818951564,4.3473833108594535
Turkey,2023,0.7047809700000002,69.68589402943245,118.29161516000002
Ukraine,2023,0.8514177028906197,8.081682246378522,21.63864016047619
United Kingdom,2023,2.3609,97.9127,3.4914
Other Europe,2023,17.80118011878067,109.71407563278902,122.43029473891004
Total Europe,2023,53.305826733869296,636.927288008937,529.8784414708385
Kazakhstan,2023,2.401987302356328,32.27441190809519,63.89737159355975
Russian Federation,2023,6.819613483212186,528.4306243031407,211.1383001552052
Other CIS,2023,2.148754573684451,161.59562762921362,9.07494067813428
Total CIS,2023,11.370355359252963,722.3006638404496,284.11061242689925
Iran,2023,26.92062489495375,323.6223981919868,0.9205102078389832
Saudi Arabia,2023,152.05153008165215,265.0445977524436,0.0
United Arab Emirates,2023,0.00277,118.9306909405125,0.0
Other Middle East,2023,129.89572922736144,320.52228570952684,17.441738497652583
Total Middle East,2023,308.8706542039673,1028.1199725944698,18.362248705491567
Egypt,2023,16.62256045607454,178.7172677498183,0.0
South Africa,2023,4.767,0.0,185.9182478177728
Other Africa,2023,40.79472309567052,204.72565092750173,38.79867778632346
Total Africa,2023,62.18428355174508,383.44291867732,224.71692560409625
Australia,2023,4.863007,46.669616000000005,125.609851
China,2023,11.154012459595478,297.8,5753.881608617807
India,2023,2.8448726096359844,52.60731124537025,1471.284813296441
Indonesia,2023,6.558,61.006,216.777
Japan,2023,33.402887369512264,320.85264325333753,304.28423281422755
Malaysia,2023,1.186695050633242,69.22969840999691,81.3984327292544
South Korea,2023,7.718935173481314,166.97699381047505,202.8330136632343
Taiwan,2023,3.775478636,111.629598904,119.167953873
Thailand,2023,0.887924,129.40201379899,30.432752665
Vietnam,2023,1.267,26.315,129.577
Other Asia Pacific,2023,39.4975422406999,219.31654036722375,177.19335489904302
Total Asia Pacific,2023,113.1563545395582,1501.805415789394,8612.440013558007
