Country,Year,Energy Consumption
Canada,1990,9.654
Mexico,1990,13.208471138873564
US,1990,400.8227462365591
Total North America,1990,423.68521737543267
Argentina,1990,19.84969690706507
Brazil,1990,0.32561199999999996
Other S. & Cent. America,1990,26.82402172949765
Total S. & Cent. America,1990,46.99933063656272
France,1990,3.027
Germany,1990,35.9
Italy,1990,39.082
Netherlands,1990,36.529
Poland,1990,0.125
Spain,1990,1.5090000000000001
Turkey,1990,10.1923
Ukraine,1990,49.889
United Kingdom,1990,4.998
Other Europe,1990,72.63802810000003
Total Europe,1990,253.88932810000003
Kazakhstan,1990,9.138
Russian Federation,1990,511.6158394006289
Other CIS,1990,110.35963399999999
Total CIS,1990,631.1134734006289
Iran,1990,30.322031210419023
Saudi Arabia,1990,40.728552214633574
United Arab Emirates,1990,17.07958167867435
Other Middle East,1990,31.320000000000004
Total Middle East,1990,119.45016510372696
Egypt,1990,16.446
South Africa,1990,0.0
Other Africa,1990,26.2
Total Africa,1990,42.646
Australia,1990,12.5655
China,1990,2.771
India,1990,9.958
Indonesia,1990,3.4007600000000004
Japan,1990,172.93030706938
Malaysia,1990,5.54
South Korea,1990,12.392570000000003
Taiwan,1990,1.2033230719999999
Thailand,1990,17.765060000000002
Vietnam,1990,0.006
Other Asia Pacific,1990,32.41298201283066
Total Asia Pacific,1990,270.9455021542106
Canada,1991,8.622
Mexico,1991,18.932141965718777
US,1991,410.27206129032254
Total North America,1991,437.8262032560413
Argentina,1991,20.967008294148986
Brazil,1991,0.373
Other S. & Cent. America,1991,28.29232843450401
Total S. & Cent. America,1991,49.63233672865301
France,1991,3.0540000000000003
Germany,1991,36.3
Italy,1991,35.87
Netherlands,1991,41.015
Poland,1991,0.107
Spain,1991,1.361
Turkey,1991,12.588600000000001
Ukraine,1991,46.431000000000004
United Kingdom,1991,5.824
Other Europe,1991,69.93308269102295
Total Europe,1991,252.48368269102292
Kazakhstan,1991,8.641211238576359
Russian Federation,1991,501.3111227131217
Other CIS,1991,104.82415560000003
Total CIS,1991,614.776489551698
Iran,1991,35.00195661200582
Saudi Arabia,1991,42.75567661534177
United Arab Emirates,1991,17.22055927233429
Other Middle East,1991,24.719000000000005
Total Middle East,1991,119.69719249968189
Egypt,1991,20.4065
South Africa,1991,0.0
Other Africa,1991,25.205000000000002
Total Africa,1991,45.61150000000001
Australia,1991,11.2025
China,1991,2.4290000000000003
India,1991,13.355
Indonesia,1991,4.34982
Japan,1991,184.34411241894432
Malaysia,1991,7.726
South Korea,1991,13.210645000000008
Taiwan,1991,2.870400224
Thailand,1991,19.051186
Vietnam,1991,0.035
Other Asia Pacific,1991,35.546156025862096
Total Asia Pacific,1991,294.1198196688065
Canada,1992,13.122
Mexico,1992,18.775942203288118
US,1992,434.4885720430107
Total North America,1992,466.3865142462989
Argentina,1992,20.79502014037241
Brazil,1992,0.39
Other S. & Cent. America,1992,29.486246445351526
Total S. & Cent. America,1992,50.67126658572394
France,1992,3.185
Germany,1992,33.0
Italy,1992,35.168
Netherlands,1992,43.462
Poland,1992,0.1
Spain,1992,1.711
Turkey,1992,10.8137
Ukraine,1992,42.235
United Kingdom,1992,12.583
Other Europe,1992,61.51459832196409
Total Europe,1992,243.7722983219641
Kazakhstan,1992,8.735418671826993
Russian Federation,1992,460.18742992922483
Other CIS,1992,99.5216334
Total CIS,1992,568.4444820010518
Iran,1992,37.15930312104667
Saudi Arabia,1992,43.896796413754295
United Arab Emirates,1992,18.687449481268015
Other Middle East,1992,34.549
Total Middle East,1992,134.29254901606896
Egypt,1992,22.9445
South Africa,1992,0.0
Other Africa,1992,27.600000000000005
Total Africa,1992,50.5445
Australia,1992,11.964
China,1992,2.467
India,1992,16.258
Indonesia,1992,3.24939
Japan,1992,184.15915699386264
Malaysia,1992,12.672108006446951
South Korea,1992,19.538756000000006
Taiwan,1992,3.021075696
Thailand,1992,22.94304
Vietnam,1992,0.006
Other Asia Pacific,1992,38.03856711123617
Total Asia Pacific,1992,314.3170938075458
Canada,1993,15.299
Mexico,1993,19.067332403378067
US,1993,446.15784731182794
Total North America,1993,480.524179715206
Argentina,1993,21.994476657137437
Brazil,1993,0.388
Other S. & Cent. America,1993,31.576770467575194
Total S. & Cent. America,1993,53.959247124712626
France,1993,3.496
Germany,1993,32.8
Italy,1993,39.596000000000004
Netherlands,1993,44.121
Poland,1993,0.097
Spain,1993,1.196
Turkey,1993,10.788200000000002
Ukraine,1993,38.888
United Kingdom,1993,34.039
Other Europe,1993,60.762967386331724
Total Europe,1993,265.7841673863317
Kazakhstan,1993,7.759972901410871
Russian Federation,1993,429.16816716360734
Other CIS,1993,89.30656259999999
Total CIS,1993,526.2347026650182
Iran,1993,40.283654161286734
Saudi Arabia,1993,47.8755200327219
United Arab Emirates,1993,21.728194048991355
Other Middle East,1993,43.919
Total Middle East,1993,153.806368243
Egypt,1993,26.1725
South Africa,1993,0.0
Other Africa,1993,28.961000000000006
Total Africa,1993,55.1335
Australia,1993,12.247
China,1993,3.124
India,1993,17.878
Indonesia,1993,4.317289999999999
Japan,1993,182.3239576776655
Malaysia,1993,15.459349169121326
South Korea,1993,18.922913000000005
Taiwan,1993,2.6078917219999997
Thailand,1993,27.953160000000004
Vietnam,1993,0.014
Other Asia Pacific,1993,42.14147972201522
Total Asia Pacific,1993,326.9890412908021
Canada,1994,15.437000000000001
Mexico,1994,21.380185026035598
US,1994,494.85879784946235
Total North America,1994,531.675982875498
Argentina,1994,22.719353996006127
Brazil,1994,0.4791674319220369
Other S. & Cent. America,1994,31.901897760892332
Total S. & Cent. America,1994,55.10041918882049
France,1994,3.625
Germany,1994,36.1
Italy,1994,40.404
Netherlands,1994,43.541000000000004
Poland,1994,0.147
Spain,1994,3.229
Turkey,1994,13.8223
Ukraine,1994,34.26
United Kingdom,1994,53.258
Other Europe,1994,65.10549268337223
Total Europe,1994,293.49179268337224
Kazakhstan,1994,5.35039805690517
Russian Federation,1994,363.74231404167955
Other CIS,1994,79.53657700000001
Total CIS,1994,448.6292890985847
Iran,1994,47.24839497524
Saudi Arabia,1994,50.478018557915036
United Arab Emirates,1994,23.734028242074928
Other Middle East,1994,45.809
Total Middle East,1994,167.26944177522995
Egypt,1994,29.2915
South Africa,1994,0.0
Other Africa,1994,32.81
Total Africa,1994,62.1015
Australia,1994,13.556000000000001
China,1994,3.154
India,1994,21.882
Indonesia,1994,12.333499999999999
Japan,1994,199.1195028290056
Malaysia,1994,19.446204697382317
South Korea,1994,17.912262999999992
Taiwan,1994,5.382906161999999
Thailand,1994,31.484797999999998
Vietnam,1994,0.004
Other Asia Pacific,1994,41.18868440741168
Total Asia Pacific,1994,365.4638590957996
Canada,1995,19.975483870967743
Mexico,1995,22.39776710409266
US,1995,533.3956397849462
Total North America,1995,575.7688907600066
Argentina,1995,26.500556270948653
Brazil,1995,0.5596937043269541
Other S. & Cent. America,1995,36.587969621278454
Total S. & Cent. America,1995,63.64821959655407
France,1995,3.84
Germany,1995,41.1
Italy,1995,46.442
Netherlands,1995,42.011
Poland,1995,0.258
Spain,1995,3.75
Turkey,1995,16.5793
Ukraine,1995,32.726
United Kingdom,1995,63.739000000000004
Other Europe,1995,67.19862851750203
Total Europe,1995,317.643928517502
Kazakhstan,1995,5.454308670406309
Russian Federation,1995,353.5442161089271
Other CIS,1995,76.22846120000001
Total CIS,1995,435.22698597933334
Iran,1995,46.5996388354854
Saudi Arabia,1995,49.80836290231063
United Arab Emirates,1995,24.980261268011528
Other Middle East,1995,47.64
Total Middle East,1995,169.02826300580756
Egypt,1995,30.45
South Africa,1995,0.0
Other Africa,1995,35.864000000000004
Total Africa,1995,66.314
Australia,1995,13.679
China,1995,2.999
India,1995,29.434
Indonesia,1995,20.66654
Japan,1995,201.16463298105015
Malaysia,1995,25.446500092258102
South Korea,1995,29.21781900000001
Taiwan,1995,5.844308743
Thailand,1995,33.86326225
Vietnam,1995,0.748
Other Asia Pacific,1995,44.1795588893897
Total Asia Pacific,1995,407.2426219556979
Canada,1996,18.621505376344086
Mexico,1996,21.168264880515636
US,1996,489.30707096774194
Total North America,1996,529.0968412246017
Argentina,1996,32.545495397110024
Brazil,1996,0.9741468373161114
Other S. & Cent. America,1996,37.29306631207082
Total S. & Cent. America,1996,70.81270854649696
France,1996,4.122
Germany,1996,45.56
Italy,1996,49.725
Netherlands,1996,47.075
Poland,1996,0.323
Spain,1996,6.767
Turkey,1996,17.174200000000003
Ukraine,1996,33.275
United Kingdom,1996,84.086
Other Europe,1996,76.53985231347991
Total Europe,1996,364.6470523134799
Kazakhstan,1996,4.764125812621116
Russian Federation,1996,364.11108149137914
Other CIS,1996,74.9355086
Total CIS,1996,443.8107159040003
Iran,1996,49.09434939106656
Saudi Arabia,1996,49.51864402540941
United Arab Emirates,1996,26.569994632564843
Other Middle East,1996,53.183
Total Middle East,1996,178.3659880490408
Egypt,1996,31.5135
South Africa,1996,0.0
Other Africa,1996,38.478
Total Africa,1996,69.9915
Australia,1996,11.935500000000001
China,1996,2.828
India,1996,32.024
Indonesia,1996,21.85554
Japan,1996,212.91620708761582
Malaysia,1996,32.95437387428444
South Korea,1996,34.765665000000006
Taiwan,1996,6.228967335
Thailand,1996,36.4333442
Vietnam,1996,1.097
Other Asia Pacific,1996,50.38180522981644
Total Asia Pacific,1996,443.4204027267167
Canada,1997,22.826344086021507
Mexico,1997,23.12121863535047
US,1997,515.482440860215
Total North America,1997,561.430003581587
Argentina,1997,32.1884542072109
Brazil,1997,1.177
Other S. & Cent. America,1997,40.776507094806036
Total S. & Cent. America,1997,74.14196130201694
France,1997,4.9
Germany,1997,48.1
Italy,1997,60.649
Netherlands,1997,50.661
Poland,1997,0.215
Spain,1997,18.174
Turkey,1997,22.0856
Ukraine,1997,31.017
United Kingdom,1997,110.96300000000001
Other Europe,1997,68.34399977870352
Total Europe,1997,415.10859977870354
Kazakhstan,1997,4.225722591230962
Russian Federation,1997,356.867557724436
Other CIS,1997,79.427905
Total CIS,1997,440.52118531566697
Iran,1997,58.89236653645335
Saudi Arabia,1997,52.91070986628724
United Arab Emirates,1997,28.461369495677236
Other Middle East,1997,54.439
Total Middle East,1997,194.70344589841784
Egypt,1997,32.6795
South Africa,1997,0.0
Other Africa,1997,43.165
Total Africa,1997,75.8445
Australia,1997,12.18
China,1997,8.077
India,1997,40.179
Indonesia,1997,29.61548
Japan,1997,219.67732803411434
Malaysia,1997,41.576254694603456
South Korea,1997,42.002329999999986
Taiwan,1997,8.970671327
Thailand,1997,44.573673631999995
Vietnam,1997,1.973
Other Asia Pacific,1997,59.75659707949854
Total Asia Pacific,1997,508.58133476721633
Canada,1998,26.423763440860213
Mexico,1998,30.022325098295823
US,1998,571.2441978494624
Total North America,1998,627.6902863886183
Argentina,1998,34.26260048708345
Brazil,1998,1.321
Other S. & Cent. America,1998,47.49053487021483
Total S. & Cent. America,1998,83.07413535729827
France,1998,4.9750000000000005
Germany,1998,50.743
Italy,1998,70.21300000000001
Netherlands,1998,52.126126
Poland,1998,0.313
Spain,1998,16.212
Turkey,1998,24.837500000000002
Ukraine,1998,29.197
United Kingdom,1998,117.79828819105188
Other Europe,1998,80.53616803764754
Total Europe,1998,446.9510822286993
Kazakhstan,1998,4.073196049390753
Russian Federation,1998,346.50375199621567
Other CIS,1998,76.7144842
Total CIS,1998,427.2914322456064
Iran,1998,71.75508694986712
Saudi Arabia,1998,53.60059743972192
United Arab Emirates,1998,33.38926866714697
Other Middle East,1998,54.19499999999999
Total Middle East,1998,212.93995305673602
Egypt,1998,32.529500000000006
South Africa,1998,0.0
Other Africa,1998,44.801
Total Africa,1998,77.3305
Australia,1998,14.467500000000001
China,1998,6.0920000000000005
India,1998,50.175000000000004
Indonesia,1998,31.073269999999997
Japan,1998,230.09956092131367
Malaysia,1998,44.71926656810982
South Korea,1998,27.876672
Taiwan,1998,14.283169697000002
Thailand,1998,49.02112797300001
Vietnam,1998,3.4370000000000003
Other Asia Pacific,1998,61.32415583074985
Total Asia Pacific,1998,532.5687229901735
Canada,1999,27.87462365591398
Mexico,1999,32.905169836489804
US,1999,598.275405376344
Total North America,1999,659.0551988687478
Argentina,1999,45.73213742105097
Brazil,1999,2.652865088757397
Other S. & Cent. America,1999,42.23216842745572
Total S. & Cent. America,1999,90.61717093726408
France,1999,7.7010000000000005
Germany,1999,51.8
Italy,1999,86.217
Netherlands,1999,52.58151600000001
Poland,1999,0.62
Spain,1999,19.058
Turkey,1999,36.3459
Ukraine,1999,30.254
United Kingdom,1999,142.9008686105889
Other Europe,1999,95.82068611686897
Total Europe,1999,523.2989707274578
Kazakhstan,1999,4.098077266121936
Russian Federation,1999,358.63363709294913
Other CIS,1999,78.23222460000001
Total CIS,1999,440.963938959071
Iran,1999,77.15055998470041
Saudi Arabia,1999,54.901633251632425
United Arab Emirates,1999,37.12318128242075
Other Middle East,1999,54.14600000000001
Total Middle East,1999,223.3213745187536
Egypt,1999,37.2265
South Africa,1999,0.0
Other Africa,1999,48.864000000000004
Total Africa,1999,86.0905
Australia,1999,16.123
China,1999,4.813
India,1999,59.009
Indonesia,1999,33.49757
Japan,1999,244.68681853249586
Malaysia,1999,51.1286982804424
South Korea,1999,29.912465999999984
Taiwan,1999,15.449401558
Thailand,1999,53.804434629000006
Vietnam,1999,3.596
Other Asia Pacific,1999,64.83981806625395
Total Asia Pacific,1999,576.8602070661923
Canada,2000,35.425161290322585
Mexico,2000,40.30958664504507
US,2000,646.2775903225805
Total North America,2000,722.0123382579482
Argentina,2000,48.879897099561525
Brazil,2000,4.067859799065883
Other S. & Cent. America,2000,49.30929426220564
Total S. & Cent. America,2000,102.25705116083304
France,2000,11.514000000000001
Germany,2000,49.2
Italy,2000,101.36
Netherlands,2000,52.492703999999996
Poland,2000,0.928
Spain,2000,20.178
Turkey,2000,46.2169
Ukraine,2000,29.947
United Kingdom,2000,148.076532816805
Other Europe,2000,96.54436670252935
Total Europe,2000,556.4575035193342
Kazakhstan,2000,5.518921827324
Russian Federation,2000,370.372
Other CIS,2000,80.86990939999998
Total CIS,2000,456.760831227324
Iran,2000,81.55924270441231
Saudi Arabia,2000,63.83851600263064
United Arab Emirates,2000,39.94123505763689
Other Middle East,2000,57.283
Total Middle East,2000,242.62199376467981
Egypt,2000,42.18835713463313
South Africa,2000,0.0
Other Africa,2000,49.655
Total Africa,2000,91.84335713463314
Australia,2000,16.758
China,2000,5.773
India,2000,55.964
Indonesia,2000,31.929000000000002
Japan,2000,253.76231740240033
Malaysia,2000,55.93827357750237
South Korea,2000,29.385084008138033
Taiwan,2000,17.658176208
Thailand,2000,61.094558866
Vietnam,2000,4.356
Other Asia Pacific,2000,67.53044676710125
Total Asia Pacific,2000,600.148856829142
Canada,2001,41.82709677419355
Mexico,2001,50.86083492479117
US,2001,687.2356118279569
Total North America,2001,779.9235435269416
Argentina,2001,43.25819528429559
Brazil,2001,9.921246055684456
Other S. & Cent. America,2001,58.088277591144866
Total S. & Cent. America,2001,111.2677189311249
France,2001,15.146
Germany,2001,55.5
Italy,2001,104.188
Netherlands,2001,54.408072000000004
Poland,2001,1.358
Spain,2001,23.358
Turkey,2001,49.5492
Ukraine,2001,30.357
United Kingdom,2001,141.9060541128414
Other Europe,2001,101.08753261738981
Total Europe,2001,576.8578587302312
Kazakhstan,2001,5.887643266178039
Russian Federation,2001,376.7438697248532
Other CIS,2001,89.7782674
Total CIS,2001,472.40978039103123
Iran,2001,89.50114555916454
Saudi Arabia,2001,76.6548643692313
United Arab Emirates,2001,43.16929331412104
Other Middle East,2001,60.195
Total Middle East,2001,269.5203032425169
Egypt,2001,48.47134021778585
South Africa,2001,0.0
Other Africa,2001,52.507000000000005
Total Africa,2001,100.97834021778586
Australia,2001,24.5005
China,2001,4.934
India,2001,55.934000000000005
Indonesia,2001,33.087
Japan,2001,251.74569444409542
Malaysia,2001,60.10968516200745
South Korea,2001,33.355885008090745
Taiwan,2001,20.518662906
Thailand,2001,71.22877931500001
Vietnam,2001,4.423
Other Asia Pacific,2001,79.68993787205865
Total Asia Pacific,2001,639.5271447072524
Canada,2002,38.37451612903226
Mexico,2002,69.60067029696393
US,2002,743.016929032258
Total North America,2002,850.9921154582541
Argentina,2002,40.705739914367925
Brazil,2002,12.405784913481872
Other S. & Cent. America,2002,58.161963391974055
Total S. & Cent. America,2002,111.27348821982385
France,2002,18.369
Germany,2002,56.300000000000004
Italy,2002,99.414
Netherlands,2002,55.132205000000006
Poland,2002,2.198
Spain,2002,32.386
Turkey,2002,52.496500000000005
Ukraine,2002,30.494
United Kingdom,2002,152.27748439721154
Other Europe,2002,112.9243258361304
Total Europe,2002,611.991515233342
Kazakhstan,2002,6.228615118822292
Russian Federation,2002,384.77259514050377
Other CIS,2002,90.6121606
Total CIS,2002,481.61337085932604
Iran,2002,98.04048593410373
Saudi Arabia,2002,86.5067201951245
United Arab Emirates,2002,46.85309837896254
Other Middle East,2002,60.791569
Total Middle East,2002,292.1918735081907
Egypt,2002,57.4507023837621
South Africa,2002,0.0
Other Africa,2002,58.505
Total Africa,2002,115.9557023837621
Australia,2002,30.552650000000003
China,2002,4.194
India,2002,62.885
Indonesia,2002,29.26205340518886
Japan,2002,248.64798235266449
Malaysia,2002,60.01296
South Korea,2002,42.49676231150025
Taiwan,2002,26.234255616000002
Thailand,2002,78.91024132000001
Vietnam,2002,8.334
Other Asia Pacific,2002,95.91502617495559
Total Asia Pacific,2002,687.444931180309
Canada,2003,38.32397849462365
Mexico,2003,80.58321193899243
US,2003,698.8253107526882
Total North America,2003,817.7325011863044
Argentina,2003,47.747248902313885
Brazil,2003,13.11
Other S. & Cent. America,2003,61.16406274946546
Total S. & Cent. America,2003,122.02131165177936
France,2003,19.368000000000002
Germany,2003,62.59258807499151
Italy,2003,117.301
Netherlands,2003,56.172989
Poland,2003,2.4250000000000003
Spain,2003,39.368
Turkey,2003,63.536
Ukraine,2003,34.24
United Kingdom,2003,148.8826731245491
Other Europe,2003,125.24279813282774
Total Europe,2003,669.1290483323681
Kazakhstan,2003,6.820101508010355
Russian Federation,2003,406.81996570332444
Other CIS,2003,90.80284381346559
Total CIS,2003,504.44291102480037
Iran,2003,109.8511391099521
Saudi Arabia,2003,91.36294898329803
United Arab Emirates,2003,49.44695945965418
Other Middle East,2003,62.961692000000006
Total Middle East,2003,313.6227395529043
Egypt,2003,64.0246891554745
South Africa,2003,0.0011097222399059437
Other Africa,2003,59.96000000000001
Total Africa,2003,123.9857988777144
Australia,2003,30.14735
China,2003,5.155
India,2003,72.802
Indonesia,2003,27.954166554136684
Japan,2003,269.266328860263
Malaysia,2003,60.3925
South Korea,2003,45.06684359091824
Taiwan,2003,28.361154832
Thailand,2003,85.68782651000001
Vietnam,2003,12.044
Other Asia Pacific,2003,113.99972783965572
Total Asia Pacific,2003,750.8768981869737
Canada,2004,39.950537634408605
Mexico,2004,92.37283530449376
US,2004,763.548405376344
Total North America,2004,895.8717783152464
Argentina,2004,55.20938965240033
Brazil,2004,19.26391022054043
Other S. & Cent. America,2004,64.42949754982047
Total S. & Cent. America,2004,138.9027974227612
France,2004,21.049
Germany,2004,62.66868267628198
Italy,2004,129.772
Netherlands,2004,60.498005
Poland,2004,3.225
Spain,2004,55.46
Turkey,2004,62.241800000000005
Ukraine,2004,37.524
United Kingdom,2004,157.06486700778686
Other Europe,2004,127.75265576266399
Total Europe,2004,717.2560104467328
Kazakhstan,2004,7.148721253584772
Russian Federation,2004,422.5592377860584
Other CIS,2004,99.53446329481787
Total CIS,2004,529.2424223344611
Iran,2004,114.61113006684616
Saudi Arabia,2004,98.73897340407866
United Arab Emirates,2004,52.414257463976945
Other Middle East,2004,72.447371
Total Middle East,2004,338.21173193490165
Egypt,2004,74.44771455196964
South Africa,2004,0.0033260000656510445
Other Africa,2004,66.69400000000002
Total Africa,2004,141.14504055203528
Australia,2004,27.361150000000002
China,2004,7.46
India,2004,76.577
Indonesia,2004,26.760793743736766
Japan,2004,254.10398458592115
Malaysia,2004,63.8799
South Korea,2004,62.72740370250334
Taiwan,2004,36.158744309
Thailand,2004,90.28905107700001
Vietnam,2004,19.533
Other Asia Pacific,2004,125.26752903249542
Total Asia Pacific,2004,790.1185564506567
Canada,2005,36.42903225806451
Mexico,2005,86.48043165021276
US,2005,818.2368322580644
Total North America,2005,941.1462961663416
Argentina,2005,55.699678535957304
Brazil,2005,18.81127385793515
Other S. & Cent. America,2005,64.57780194479355
Total S. & Cent. America,2005,139.08875433868602
France,2005,23.069
Germany,2005,72.19164312958303
Italy,2005,149.25900000000001
Netherlands,2005,58.207785
Poland,2005,5.165
Spain,2005,79.011
Turkey,2005,73.44489999999999
Ukraine,2005,34.157000000000004
United Kingdom,2005,152.64174212305596
Other Europe,2005,129.07814486157238
Total Europe,2005,776.2252151142112
Kazakhstan,2005,7.261796778761813
Russian Federation,2005,440.06674010989883
Other CIS,2005,101.525177260415
Total CIS,2005,548.8537141490757
Iran,2005,124.58442985175087
Saudi Arabia,2005,107.93188292579397
United Arab Emirates,2005,60.69509613832853
Other Middle East,2005,90.0708949066572
Total Middle East,2005,383.28230382253054
Egypt,2005,76.7896031689705
South Africa,2005,0.08593899630500824
Other Africa,2005,74.85069999999999
Total Africa,2005,151.7262421652755
Australia,2005,23.264400000000002
China,2005,12.142
India,2005,75.467
Indonesia,2005,21.696998033516653
Japan,2005,249.87068882090375
Malaysia,2005,63.89125
South Korea,2005,64.0625234119628
Taiwan,2005,38.915808187
Thailand,2005,94.46762246600002
Vietnam,2005,22.319
Other Asia Pacific,2005,134.53863166590256
Total Asia Pacific,2005,800.6359225852857
Canada,2006,39.762365591397845
Mexico,2006,116.05747658217322
US,2006,877.8933010752688
Total North America,2006,1033.71314324884
Argentina,2006,56.399312988413556
Brazil,2006,18.258215
Other S. & Cent. America,2006,63.083540480956536
Total S. & Cent. America,2006,137.7410684693701
France,2006,21.76
Germany,2006,74.72628431702626
Italy,2006,158.079
Netherlands,2006,57.075274
Poland,2006,4.58
Spain,2006,90.57000000000001
Turkey,2006,80.6912
Ukraine,2006,24.45
United Kingdom,2006,140.82823702306354
Other Europe,2006,136.80114113813877
Total Europe,2006,789.5611364782287
Kazakhstan,2006,8.004426858651724
Russian Federation,2006,455.2484207791563
Other CIS,2006,106.0174880905279
Total CIS,2006,569.2703357283359
Iran,2006,125.12085986059162
Saudi Arabia,2006,104.54817220260686
United Arab Emirates,2006,62.43495945965418
Other Middle East,2006,108.00084859953162
Total Middle East,2006,400.1048401223843
Egypt,2006,83.05987460641761
South Africa,2006,0.019536389983233402
Other Africa,2006,81.4584
Total Africa,2006,164.53781099640082
Australia,2006,27.2879
China,2006,23.819
India,2006,74.70422107875581
Indonesia,2006,23.948450244698208
Japan,2006,276.5795801212871
Malaysia,2006,67.388112
South Korea,2006,74.30073437366742
Taiwan,2006,40.109722067
Thailand,2006,94.43845635999999
Vietnam,2006,24.502
Other Asia Pacific,2006,137.49810212534516
Total Asia Pacific,2006,864.5762783707537
Canada,2007,42.2494623655914
Mexico,2007,128.7855429975476
US,2007,964.0750440860214
Total North America,2007,1135.1100494491604
Argentina,2007,60.17533855409158
Brazil,2007,15.496593949181264
Other S. & Cent. America,2007,64.33461526175054
Total S. & Cent. America,2007,140.00654776502338
France,2007,21.987000000000002
Germany,2007,77.45467275421194
Italy,2007,172.64600000000002
Netherlands,2007,60.888076999999996
Poland,2007,4.483
Spain,2007,94.799
Turkey,2007,95.0248
Ukraine,2007,22.448
United Kingdom,2007,165.79308325185224
Other Europe,2007,142.40414633032037
Total Europe,2007,857.9277793363842
Kazakhstan,2007,5.049662858871499
Russian Federation,2007,489.1374689203707
Other CIS,2007,107.95421333333455
Total CIS,2007,602.1413451125767
Iran,2007,138.75440456875447
Saudi Arabia,2007,102.70881703225207
United Arab Emirates,2007,78.75782278097982
Other Middle East,2007,115.72425792889436
Total Middle East,2007,435.94530231088066
Egypt,2007,89.21160314511052
South Africa,2007,0.08593899630500824
Other Africa,2007,85.681
Total Africa,2007,174.97854214141552
Australia,2007,33.40285000000001
China,2007,33.907000000000004
India,2007,90.0469375
Indonesia,2007,24.801957585644374
Japan,2007,292.82188179181446
Malaysia,2007,67.945414
South Korea,2007,83.94615962369016
Taiwan,2007,45.033233559
Thailand,2007,98.24347063299999
Vietnam,2007,26.618000000000002
Other Asia Pacific,2007,141.1114127300156
Total Asia Pacific,2007,937.8783174231647
Canada,2008,38.63333333333333
Mexico,2008,131.273
US,2008,949.4415043010753
Total North America,2008,1119.3478376344085
Argentina,2008,65.41147725617337
Brazil,2008,28.778265471292006
Other S. & Cent. America,2008,62.835809742477984
Total S. & Cent. America,2008,157.0255524699434
France,2008,21.884
Germany,2008,88.47563398525938
Italy,2008,172.697
Netherlands,2008,64.563171
Poland,2008,4.679
Spain,2008,120.798
Turkey,2008,98.6853
Ukraine,2008,19.313
United Kingdom,2008,176.21901877964078
Other Europe,2008,142.98617726512472
Total Europe,2008,910.300301030025
Kazakhstan,2008,8.208360817110625
Russian Federation,2008,494.4408051723094
Other CIS,2008,117.32446605555634
Total CIS,2008,619.9736320449764
Iran,2008,135.05934453453318
Saudi Arabia,2008,100.70844791916377
United Arab Emirates,2008,80.45970402737753
Other Middle East,2008,133.5561001643884
Total Middle East,2008,449.78359664546286
Egypt,2008,94.85729822204442
South Africa,2008,0.08593899630500824
Other Africa,2008,89.74340000000001
Total Africa,2008,184.68663721834943
Australia,2008,36.3081
China,2008,34.566
India,2008,85.88126000000001
Indonesia,2008,27.763132137031
Japan,2008,322.1651639097887
Malaysia,2008,71.480844
South Korea,2008,81.03699252316923
Taiwan,2008,48.511804121000004
Thailand,2008,104.457920965
Vietnam,2008,31.062
Other Asia Pacific,2008,143.45542415568167
Total Asia Pacific,2008,986.6886418116708
Canada,2009,44.05483870967742
Mexico,2009,138.156
US,2009,990.2996569892473
Total North America,2009,1172.5104956989246
Argentina,2009,61.70198519567564
Brazil,2009,13.33179
Other S. & Cent. America,2009,71.21456615123644
Total S. & Cent. America,2009,146.2483413469121
France,2009,20.503
Germany,2009,80.2720756039735
Italy,2009,147.27
Netherlands,2009,68.494439
Poland,2009,4.787
Spain,2009,109.58854166666666
Turkey,2009,96.0947
Ukraine,2009,11.688
United Kingdom,2009,166.49866362675408
Other Europe,2009,141.140754135574
Total Europe,2009,846.3371740329684
Kazakhstan,2009,12.86040570619649
Russian Federation,2009,469.82939977661067
Other CIS,2009,104.51547661111199
Total CIS,2009,587.2052820939192
Iran,2009,149.4134814614587
Saudi Arabia,2009,94.08791370486114
United Arab Emirates,2009,85.6884217276657
Other Middle East,2009,150.83250446554524
Total Middle East,2009,480.0223213595308
Egypt,2009,98.7385396941912
South Africa,2009,0.006787499901075729
Other Africa,2009,93.80381159000001
Total Africa,2009,192.54913878409232
Australia,2009,41.1229
China,2009,56.558880000000016
India,2009,104.36732500000001
Indonesia,2009,40.39608482871126
Japan,2009,322.15847286566316
Malaysia,2009,67.34612
South Korea,2009,70.60487440826044
Taiwan,2009,47.280633435000006
Thailand,2009,106.34331027500002
Vietnam,2009,36.358000000000004
Other Asia Pacific,2009,143.0444651584085
Total Asia Pacific,2009,1035.5810659710435
Canada,2010,51.302150537634404
Mexico,2010,147.07175619375874
US,2010,1062.0400365591397
Total North America,2010,1260.4139432905329
Argentina,2010,63.805344497327916
Brazil,2010,36.475562536207335
Other S. & Cent. America,2010,84.24742985433085
Total S. & Cent. America,2010,184.5283368878661
France,2010,23.758
Germany,2010,88.76407639672472
Italy,2010,152.737
Netherlands,2010,73.57777800000001
Poland,2010,4.798
Spain,2010,97.20825416666666
Turkey,2010,98.1437
Ukraine,2010,15.703000000000001
United Kingdom,2010,175.6534073618575
Other Europe,2010,154.35013604130484
Total Europe,2010,884.6933519665538
Kazakhstan,2010,7.347046499626124
Russian Federation,2010,520.5337681613573
Other CIS,2010,114.21331630555628
Total CIS,2010,642.0941309665398
Iran,2010,173.85097221880602
Saudi Arabia,2010,111.37770330326326
United Arab Emirates,2010,93.92733828386167
Other Middle East,2010,169.43626873596048
Total Middle East,2010,548.5922825418914
Egypt,2010,110.10327354696994
South Africa,2010,0.8092999326509548
Other Africa,2010,107.997635564
Total Africa,2010,218.9102090436209
Australia,2010,46.790800000000004
China,2010,77.72672
India,2010,118.027315
Indonesia,2010,38.82597413589246
Japan,2010,321.85896896015424
Malaysia,2010,65.223472
South Korea,2010,103.06534012103015
Taiwan,2010,60.245868749
Thailand,2010,118.438151008
Vietnam,2010,44.68600000000001
Other Asia Pacific,2010,152.8752679704397
Total Asia Pacific,2010,1147.7638779445165
Canada,2011,60.74946236559139
Mexico,2011,153.51636513183703
US,2011,1089.9880956989248
Total North America,2011,1304.2539231963533
Argentina,2011,67.86065701906976
Brazil,2011,25.095283497010854
Other S. & Cent. America,2011,82.50178662896207
Total S. & Cent. America,2011,175.45772714504267
France,2011,29.498
Germany,2011,85.67059787167807
Italy,2011,144.53900000000002
Netherlands,2011,67.946072
Poland,2011,5.821
Spain,2011,84.517
Turkey,2011,104.0476
Ukraine,2011,18.451
United Kingdom,2011,146.49898670332828
Other Europe,2011,143.96731000293286
Total Europe,2011,830.9565665779393
Kazakhstan,2011,7.939902625211237
Russian Federation,2011,521.296402494206
Other CIS,2011,118.4599649166674
Total CIS,2011,647.6962700360846
Iran,2011,142.331890580298
Saudi Arabia,2011,115.60398854034838
United Arab Emirates,2011,99.11319400000001
Other Middle East,2011,164.66320460261625
Total Middle East,2011,521.7122777232627
Egypt,2011,117.45479904777513
South Africa,2011,0.8779420365579095
Other Africa,2011,118.18276346100002
Total Africa,2011,236.51550454533307
Australia,2011,48.783899999999996
China,2011,108.7669
India,2011,117.55915
Indonesia,2011,39.16150081566069
Japan,2011,375.17857445631205
Malaysia,2011,55.7324634
South Korea,2011,114.31186798508287
Taiwan,2011,64.205590882
Thailand,2011,108.261322207
Vietnam,2011,39.650145772594755
Other Asia Pacific,2011,151.10252421741654
Total Asia Pacific,2011,1222.7139397360665
Canada,2012,61.549462365591395
Mexico,2012,154.60024204798407
US,2012,1318.1657795698925
Total North America,2012,1534.3154839834679
Argentina,2012,76.22908723286581
Brazil,2012,46.76016462295105
Other S. & Cent. America,2012,89.78837577773098
Total S. & Cent. America,2012,212.77762763354787
France,2012,24.83994142174917
Germany,2012,75.94881499004241
Italy,2012,129.058
Netherlands,2012,54.057456
Poland,2012,6.26
Spain,2012,73.308
Turkey,2012,104.4992
Ukraine,2012,16.039
United Kingdom,2012,100.16957002060948
Other Europe,2012,125.26220308399871
Total Europe,2012,709.4421855163998
Kazakhstan,2012,14.632493545549856
Russian Federation,2012,526.1110016135101
Other CIS,2012,120.94361256615132
Total CIS,2012,661.6871077252114
Iran,2012,156.355337366483
Saudi Arabia,2012,131.49055085778892
United Arab Emirates,2012,106.194408
Other Middle East,2012,169.2279635637642
Total Middle East,2012,563.2682597880361
Egypt,2012,126.55473888478295
South Africa,2012,1.7619719909118858
Other Africa,2012,133.17358017830136
Total Africa,2012,261.4902910539962
Australia,2012,49.8125
China,2012,110.25188279999999
India,2012,96.25333249999998
Indonesia,2012,48.92332789559544
Japan,2012,430.9270733399942
Malaysia,2012,60.991627300000005
South Korea,2012,126.99567752204382
Taiwan,2012,66.292064552
Thailand,2012,119.3684492065
Vietnam,2012,40.382
Other Asia Pacific,2012,164.60443132798233
Total Asia Pacific,2012,1314.8023664441157
Canada,2013,58.63010752688172
Mexico,2013,165.77840073631884
US,2013,1209.5006021505376
Total North America,2013,1433.909110413738
Argentina,2013,74.70170677221859
Brazil,2013,69.00273405280467
Other S. & Cent. America,2013,102.96702183079681
Total S. & Cent. America,2013,246.67146265582005
France,2013,21.114004522484954
Germany,2013,67.00201111049309
Italy,2013,108.876
Netherlands,2013,54.028718999999995
Poland,2013,5.2700000000000005
Spain,2013,57.09432729595094
Turkey,2013,105.11634699999999
Ukraine,2013,13.983
United Kingdom,2013,95.84293549002045
Other Europe,2013,105.92138544361609
Total Europe,2013,634.2487298625658
Kazakhstan,2013,15.34080599079487
Russian Federation,2013,529.9604388181575
Other CIS,2013,123.15957925000124
Total CIS,2013,668.4608240589536
Iran,2013,137.68577494692101
Saudi Arabia,2013,138.8040134860979
United Arab Emirates,2013,109.90538198325817
Other Middle East,2013,180.1953314580354
Total Middle East,2013,566.5905018743124
Egypt,2013,123.16642501209367
South Africa,2013,2.9789559136191786
Other Africa,2013,142.30738219000003
Total Africa,2013,268.45276311571286
Australia,2013,52.72365
China,2013,116.3884582
India,2013,66.31057767779839
Indonesia,2013,58.04877
Japan,2013,419.7163444853332
Malaysia,2013,71.17396000000001
South Korea,2013,141.43700747242286
Taiwan,2013,68.389000639
Thailand,2013,119.2178991975
Vietnam,2013,41.749271137026234
Other Asia Pacific,2013,162.85490545782164
Total Asia Pacific,2013,1318.0098442669023
Canada,2014,62.09247311827957
Mexico,2014,173.73460262697526
US,2014,1211.4356086021503
Total North America,2014,1447.262684347405
Argentina,2014,76.16418894117456
Brazil,2014,81.07311399073271
Other S. & Cent. America,2014,100.41803224740843
Total S. & Cent. America,2014,257.6553351793157
France,2014,15.791592517629867
Germany,2014,60.61103816606074
Italy,2014,93.637
Netherlands,2014,50.99198200000001
Poland,2014,5.328
Spain,2014,47.27300000000001
Turkey,2014,120.576031
Ukraine,2014,12.714
United Kingdom,2014,100.89202072566279
Other Europe,2014,88.99213596512806
Total Europe,2014,596.8068003744816
Kazakhstan,2014,20.23655145656793
Russian Federation,2014,534.8496316129177
Other CIS,2014,131.00183640266644
Total CIS,2014,686.0880194721522
Iran,2014,191.997536663141
Saudi Arabia,2014,152.4839081173679
United Arab Emirates,2014,116.22942353421261
Other Middle East,2014,196.18001127387424
Total Middle East,2014,656.8908795885958
Egypt,2014,124.64011115197574
South Africa,2014,3.1
Other Africa,2014,149.37386232799997
Total Africa,2014,277.11397347997575
Australia,2014,53.655407000000004
China,2014,133.28257000000002
India,2014,64.01464494815151
Indonesia,2014,60.537229999999994
Japan,2014,447.69375665556254
Malaysia,2014,73.836
South Korea,2014,128.70614383631354
Taiwan,2014,73.07015473599999
Thailand,2014,120.3141607585
Vietnam,2014,43.381924198250736
Other Asia Pacific,2014,169.35901934317147
Total Asia Pacific,2014,1367.8510114759497
Canada,2015,65.00537634408602
Mexico,2015,185.54711867211103
US,2015,1435.1268849462365
Total North America,2015,1685.6793799624336
Argentina,2015,79.10969718141862
Brazil,2015,79.48956319293099
Other S. & Cent. America,2015,113.27387926412483
Total S. & Cent. America,2015,271.87313963847447
France,2015,24.362929340093114
Germany,2015,61.47237204839762
Italy,2015,110.86
Netherlands,2015,45.813178
Poland,2015,5.973
Spain,2015,52.498
Turkey,2015,99.21870095300001
Ukraine,2015,10.102
United Kingdom,2015,99.8754151474872
Other Europe,2015,102.3755823913312
Total Europe,2015,612.5511778803092
Kazakhstan,2015,19.024517171995008
Russian Federation,2015,529.754627719022
Other CIS,2015,132.2312565868388
Total CIS,2015,681.0104014778557
Iran,2015,206.60597471903202
Saudi Arabia,2015,165.33281270133284
United Arab Emirates,2015,127.0790738273767
Other Middle East,2015,216.8295802488372
Total Middle East,2015,715.8474414965789
Egypt,2015,129.8068679715281
South Africa,2015,0.0
Other Africa,2015,158.43114318599996
Total Africa,2015,288.238011157528
Australia,2015,49.70556033136226
China,2015,166.90686000000002
India,2015,64.76842313360238
Indonesia,2015,54.13620999999999
Japan,2015,413.9739025371412
Malaysia,2015,69.962
South Korea,2015,119.88219943227665
Taiwan,2015,79.009025061
Thailand,2015,128.524996168
Vietnam,2015,48.148
Other Asia Pacific,2015,184.84957593030242
Total Asia Pacific,2015,1379.866752593685
Canada,2016,63.02795698924731
Mexico,2016,192.8276521790855
US,2016,1483.087012903226
Total North America,2016,1738.9426220715588
Argentina,2016,84.28144836156335
Brazil,2016,56.48488883728975
Other S. & Cent. America,2016,120.18201164925225
Total S. & Cent. America,2016,260.9483488481054
France,2016,38.001875440973684
Germany,2016,80.6168666980243
Italy,2016,126.148
Netherlands,2016,52.53119
Poland,2016,7.831
Spain,2016,52.830660254567086
Turkey,2016,89.22710000000001
Ukraine,2016,9.831
United Kingdom,2016,143.129117686903
Other Europe,2016,116.07920683210627
Total Europe,2016,716.2260169125742
Kazakhstan,2016,20.76185458116481
Russian Federation,2016,521.8093609129293
Other CIS,2016,133.32491371574838
Total CIS,2016,675.8961292098425
Iran,2016,225.314987416898
Saudi Arabia,2016,188.56159359255838
United Arab Emirates,2016,129.29358617812653
Other Middle East,2016,240.45998003837207
Total Middle East,2016,783.6301472259549
Egypt,2016,138.47365399813302
South Africa,2016,0.0
Other Africa,2016,164.68524824835026
Total Africa,2016,303.15890224648325
Australia,2016,48.11049892356512
China,2016,188.28019999999998
India,2016,72.623985775791
Indonesia,2016,61.788799999999995
Japan,2016,434.63889049181154
Malaysia,2016,65.234
South Korea,2016,128.0385989529333
Taiwan,2016,83.303610745
Thailand,2016,126.14959041711
Vietnam,2016,45.365
Other Asia Pacific,2016,191.30440571507876
Total Asia Pacific,2016,1444.8375810212897
Canada,2017,58.83440860215053
Mexico,2017,197.69911966876597
US,2017,1395.3790623655914
Total North America,2017,1651.9125906365077
Argentina,2017,91.20897899590874
Brazil,2017,65.59331591716993
Other S. & Cent. America,2017,100.60623511540429
Total S. & Cent. America,2017,257.40853002848297
France,2017,43.390255178089106
Germany,2017,86.04129599485206
Italy,2017,140.3493
Netherlands,2017,57.733422
Poland,2017,10.035
Spain,2017,64.037
Turkey,2017,110.49000000000001
Ukraine,2017,7.3805000000000005
United Kingdom,2017,136.7459
Other Europe,2017,131.36179041636566
Total Europe,2017,787.564463589307
Kazakhstan,2017,23.88404990306117
Russian Federation,2017,516.2742027123048
Other CIS,2017,135.14354900516796
Total CIS,2017,675.3018016205341
Iran,2017,252.49924684853758
Saudi Arabia,2017,222.73406014171564
United Arab Emirates,2017,133.8202805880155
Other Middle East,2017,251.93075166395346
Total Middle East,2017,860.9843392422224
Egypt,2017,151.928702569675
South Africa,2017,0.0
Other Africa,2017,175.50756568013296
Total Africa,2017,327.4362682498079
Australia,2017,55.087771523825914
China,2017,203.20000000000002
India,2017,74.99149550809706
Indonesia,2017,55.83077000000001
Japan,2017,438.0958985301236
Malaysia,2017,62.131
South Korea,2017,134.27079058917704
Taiwan,2017,91.44169427599999
Thailand,2017,121.04416313699998
Vietnam,2017,40.347
Other Asia Pacific,2017,202.47442446180415
Total Asia Pacific,2017,1478.9150080260276
Canada,2018,67.48602150537634
Mexico,2018,215.76706925978868
US,2018,1582.6269150537632
Total North America,2018,1865.8800058189283
Argentina,2018,95.3457817184128
Brazil,2018,54.621735532863894
Other S. & Cent. America,2018,97.52006030849905
Total S. & Cent. America,2018,247.4875775597758
France,2018,33.46580848968418
Germany,2018,81.56329869684495
Italy,2018,128.5376
Netherlands,2018,57.630055999999996
Poland,2018,12.634
Spain,2018,58.002001469999996
Turkey,2018,92.48280000000001
Ukraine,2018,10.570500000000001
United Kingdom,2018,131.48970000000003
Other Europe,2018,126.44285078644094
Total Europe,2018,732.81861544297
Kazakhstan,2018,23.55435376841699
Russian Federation,2018,523.722463741208
Other CIS,2018,147.95595300000002
Total CIS,2018,695.232770509625
Iran,2018,266.29063308325954
Saudi Arabia,2018,226.68481975145926
United Arab Emirates,2018,134.81295821046095
Other Middle East,2018,274.29187805232556
Total Middle East,2018,902.0802890975056
Egypt,2018,167.18478672239462
South Africa,2018,0.0
Other Africa,2018,176.2252065753918
Total Africa,2018,343.4099932977865
Australia,2018,51.464721987500496
China,2018,215.5
India,2018,71.25670685097678
Indonesia,2018,57.447449999999996
Japan,2018,419.15127796911173
Malaysia,2018,64.053
South Korea,2018,162.28579997837622
Taiwan,2018,92.408983522
Thailand,2018,116.26517607400001
Vietnam,2018,40.701
Other Asia Pacific,2018,222.5619205607862
Total Asia Pacific,2018,1513.0960369427517
Canada,2019,69.66989247311828
Mexico,2019,208.4072105914584
US,2019,1708.0998279569892
Total North America,2019,1986.176931021566
Argentina,2019,91.31101425517141
Brazil,2019,65.95794453219106
Other S. & Cent. America,2019,95.39188763904059
Total S. & Cent. America,2019,252.66084642640303
France,2019,41.694897523641856
Germany,2019,89.998575
Italy,2019,141.687
Netherlands,2019,70.71936900000001
Poland,2019,14.797395000000002
Spain,2019,83.16327629
Turkey,2019,57.28820093937589
Ukraine,2019,11.927
United Kingdom,2019,133.08859999999999
Other Europe,2019,135.89723893768092
Total Europe,2019,780.2615526906986
Kazakhstan,2019,23.462691390584578
Russian Federation,2019,512.3289922400077
Other CIS,2019,148.08587896887124
Total CIS,2019,683.8775625994637
Iran,2019,244.50886947583038
Saudi Arabia,2019,223.53547535866298
United Arab Emirates,2019,134.79520785644087
Other Middle East,2019,291.20189243123554
Total Middle East,2019,894.0414451221698
Egypt,2019,171.7955387021927
South Africa,2019,0.0
Other Africa,2019,187.55942450966285
Total Africa,2019,359.35496321185553
Australia,2019,55.71058498626213
China,2019,232.5
India,2019,71.94891137660096
Indonesia,2019,62.319
Japan,2019,391.92108338225734
Malaysia,2019,72.28
South Korea,2019,154.38748683848067
Taiwan,2019,91.145472419
Thailand,2019,121.840620661
Vietnam,2019,42.507
Other Asia Pacific,2019,233.35386517642237
Total Asia Pacific,2019,1529.9140248400238
Canada,2020,73.15824838709678
Mexico,2020,205.586527640467
US,2020,1749.2361720430106
Total North America,2020,2027.9809480705744
Argentina,2020,88.71764924729335
Brazil,2020,59.480460130146625
Other S. & Cent. America,2020,92.15729450760456
Total S. & Cent. America,2020,240.3554038850445
France,2020,37.00202459235957
Germany,2020,94.99696732662252
Italy,2020,133.6828
Netherlands,2020,72.524079
Poland,2020,17.287546000000003
Spain,2020,69.7394462359748
Turkey,2020,70.93133310408813
Ukraine,2020,14.194799999999999
United Kingdom,2020,112.65029999999999
Other Europe,2020,143.34229697266971
Total Europe,2020,766.3515932317147
Kazakhstan,2020,26.624102261586334
Russian Federation,2020,465.8784641579455
Other CIS,2020,150.1576469909557
Total CIS,2020,642.6602134104875
Iran,2020,268.23439928506696
Saudi Arabia,2020,232.27071731361602
United Arab Emirates,2020,129.76580227683334
Other Middle East,2020,291.51024096630107
Total Middle East,2020,921.7811598418176
Egypt,2020,169.25621183313078
South Africa,2020,0.0
Other Africa,2020,187.24110431477632
Total Africa,2020,356.4973161479071
Australia,2020,53.053288
China,2020,252.5
India,2020,74.79447
Indonesia,2020,51.276
Japan,2020,381.32458546134905
Malaysia,2020,53.691
South Korea,2020,160.79470221341933
Taiwan,2020,99.88726308700001
Thailand,2020,113.859153366
Vietnam,2020,34.66
Other Asia Pacific,2020,227.58794053812542
Total Asia Pacific,2020,1503.4284026658936
Canada,2021,79.87268387096775
Mexico,2021,191.26277856740703
US,2021,1698.0537494623654
Total North America,2021,1969.1892119007402
Argentina,2021,89.93094444231008
Brazil,2021,86.95726712959944
Other S. & Cent. America,2021,104.89218856910013
Total S. & Cent. America,2021,281.78040014100964
France,2021,35.189258288692564
Germany,2021,90.31240786880163
Italy,2021,143.9979
Netherlands,2021,56.69059
Poland,2021,15.823706
Spain,2021,71.50221225
Turkey,2021,111.18075500005799
Ukraine,2021,10.32082723574211
United Kingdom,2021,123.1286
Other Europe,2021,141.44779076128003
Total Europe,2021,799.5940474045742
Kazakhstan,2021,30.761374872519703
Russian Federation,2021,513.4127423693902
Other CIS,2021,155.7861669219148
Total CIS,2021,699.9602841638247
Iran,2021,302.1826184429666
Saudi Arabia,2021,235.96441840957368
United Arab Emirates,2021,129.2351199146667
Other Middle East,2021,297.972250029346
Total Middle East,2021,965.354406796553
Egypt,2021,175.78771452774484
South Africa,2021,0.0
Other Africa,2021,200.09184288464428
Total Africa,2021,375.87955741238915
Australia,2021,47.631014
China,2021,287.1
India,2021,60.40166000000001
Indonesia,2021,56.265
Japan,2021,358.2788804716702
Malaysia,2021,60.96415069961854
South Korea,2021,178.67097296051352
Taiwan,2021,108.358800435
Thailand,2021,113.11285948500002
Vietnam,2021,26.311
Other Asia Pacific,2021,233.56728364233643
Total Asia Pacific,2021,1530.6616216941388
Canada,2022,84.68688172043011
Mexico,2022,192.14370854029005
US,2022,1814.0502322580644
Total North America,2022,2090.8808225187845
Argentina,2022,76.64923770549922
Brazil,2022,42.11019802939957
Other S. & Cent. America,2022,114.36926183776484
Total S. & Cent. America,2022,233.12869757266367
France,2022,47.085952320274934
Germany,2022,79.05388525019563
Italy,2022,141.4453
Netherlands,2022,47.749072999999996
Poland,2022,11.354846
Spain,2022,85.97490325999999
Turkey,2022,75.05865277771
Ukraine,2022,7.183717552336464
United Kingdom,2022,124.9787
Other Europe,2022,129.8204329577034
Total Europe,2022,749.7054631182202
Kazakhstan,2022,32.71987385550429
Russian Federation,2022,527.148675766644
Other CIS,2022,163.1091400736954
Total CIS,2022,722.9776896958438
Iran,2022,313.4242436465693
Saudi Arabia,2022,245.98336563636454
United Arab Emirates,2022,125.46459453798688
Other Middle East,2022,306.91091399602396
Total Middle East,2022,991.7831178169448
Egypt,2022,176.27981605108215
South Africa,2022,0.0
Other Africa,2022,203.25921491426024
Total Africa,2022,379.5390309653424
Australia,2022,50.818402999999996
China,2022,275.6243341272796
India,2022,46.48109999999999
Indonesia,2022,56.126
Japan,2022,351.4875298273376
Malaysia,2022,68.45096879244328
South Korea,2022,174.44952301796874
Taiwan,2022,112.00593571900001
Thailand,2022,114.63680476299999
Vietnam,2022,29.217
Other Asia Pacific,2022,221.57053827616804
Total Asia Pacific,2022,1500.8681375231972
Canada,2023,89.85090502237693
Mexico,2023,204.92447770770949
US,2023,1937.701610752688
Total North America,2023,2232.4769934827746
Argentina,2023,75.9131814143462
Brazil,2023,37.7052
Other S. & Cent. America,2023,127.63279538973761
Total S. & Cent. America,2023,241.2511768040838
France,2023,32.30802383840775
Germany,2023,77.73057601126312
Italy,2023,117.50090373879533
Netherlands,2023,45.87548007311605
Poland,2023,16.429744249239167
Spain,2023,61.68820818951564
Turkey,2023,69.68589402943245
Ukraine,2023,8.081682246378522
United Kingdom,2023,97.9127
Other Europe,2023,109.71407563278902
Total Europe,2023,636.927288008937
Kazakhstan,2023,32.27441190809519
Russian Federation,2023,528.4306243031407
Other CIS,2023,161.59562762921362
Total CIS,2023,722.3006638404496
Iran,2023,323.6223981919868
Saudi Arabia,2023,265.04459775244356
United Arab Emirates,2023,118.9306909405125
Other Middle East,2023,320.52228570952684
Total Middle East,2023,1028.1199725944698
Egypt,2023,178.7172677498183
South Africa,2023,0.0
Other Africa,2023,204.72565092750173
Total Africa,2023,383.44291867731994
Australia,2023,46.669616000000005
China,2023,297.8
India,2023,52.60731124537025
Indonesia,2023,61.006
Japan,2023,320.85264325333753
Malaysia,2023,69.22969840999691
South Korea,2023,166.97699381047505
Taiwan,2023,111.629598904
Thailand,2023,129.40201379899
Vietnam,2023,26.315
Other Asia Pacific,2023,219.31654036722378
Total Asia Pacific,2023,1501.805415789394
